Date,Open,High,Low,Close,Adj Close,Volume
30-Dec-22,"3,829.06","3,839.85","3,800.34","3,839.50","3,839.50","2,979,870,000"
29-Dec-22,"3,805.45","3,858.19","3,805.45","3,849.28","3,849.28","3,003,680,000"
28-Dec-22,"3,829.56","3,848.32","3,780.78","3,783.22","3,783.22","3,083,520,000"
27-Dec-22,"3,843.34","3,846.65","3,813.22","3,829.25","3,829.25","3,030,300,000"
23-Dec-22,"3,815.11","3,845.80","3,797.01","3,844.82","3,844.82","2,819,280,000"
22-Dec-22,"3,853.26","3,853.26","3,764.49","3,822.39","3,822.39","3,956,950,000"
21-Dec-22,"3,839.49","3,889.82","3,839.49","3,878.44","3,878.44","3,775,200,000"
20-Dec-22,"3,810.47","3,838.24","3,795.62","3,821.62","3,821.62","3,985,370,000"
19-Dec-22,"3,853.79","3,854.86","3,800.04","3,817.66","3,817.66","3,969,610,000"
16-Dec-22,"3,890.91","3,890.91","3,827.91","3,852.36","3,852.36","7,493,660,000"
15-Dec-22,"3,958.37","3,958.37","3,879.45","3,895.75","3,895.75","4,493,900,000"
14-Dec-22,"4,015.54","4,053.76","3,965.65","3,995.32","3,995.32","4,472,340,000"
13-Dec-22,"4,069.38","4,100.96","3,993.03","4,019.65","4,019.65","5,079,360,000"
12-Dec-22,"3,939.29","3,990.71","3,935.30","3,990.56","3,990.56","3,904,130,000"
9-Dec-22,"3,954.17","3,977.02","3,933.04","3,934.38","3,934.38","3,888,260,000"
8-Dec-22,"3,947.79","3,974.19","3,935.83","3,963.51","3,963.51","4,006,900,000"
7-Dec-22,"3,933.28","3,957.57","3,922.68","3,933.92","3,933.92","4,118,050,000"
6-Dec-22,"3,996.63","4,001.51","3,918.39","3,941.26","3,941.26","4,368,380,000"
5-Dec-22,"4,052.02","4,052.45","3,984.49","3,998.84","3,998.84","4,280,820,000"
2-Dec-22,"4,040.17","4,080.48","4,026.63","4,071.70","4,071.70","4,012,620,000"
1-Dec-22,"4,087.14","4,100.51","4,050.87","4,076.57","4,076.57","4,527,130,000"
30-Nov-22,"3,957.18","4,080.11","3,938.58","4,080.11","4,080.11","6,579,360,000"
29-Nov-22,"3,964.19","3,976.77","3,937.65","3,957.63","3,957.63","3,546,040,000"
28-Nov-22,"4,005.36","4,012.27","3,955.77","3,963.94","3,963.94","3,615,430,000"
25-Nov-22,"4,023.34","4,034.02","4,020.76","4,026.12","4,026.12","1,706,460,000"
23-Nov-22,"4,000.30","4,033.78","3,998.66","4,027.26","4,027.26","3,279,720,000"
22-Nov-22,"3,965.51","4,005.88","3,956.88","4,003.58","4,003.58","3,887,990,000"
21-Nov-22,"3,956.23","3,962.00","3,933.34","3,949.94","3,949.94","3,850,690,000"
18-Nov-22,"3,966.39","3,979.89","3,935.98","3,965.34","3,965.34","4,037,360,000"
17-Nov-22,"3,919.26","3,954.33","3,906.54","3,946.56","3,946.56","4,051,780,000"
16-Nov-22,"3,976.82","3,983.09","3,954.34","3,958.79","3,958.79","4,165,320,000"
15-Nov-22,"4,006.41","4,028.84","3,953.17","3,991.73","3,991.73","5,015,310,000"
14-Nov-22,"3,977.97","4,008.97","3,956.40","3,957.25","3,957.25","4,561,930,000"
11-Nov-22,"3,963.72","4,001.48","3,944.82","3,992.93","3,992.93","5,593,310,000"
10-Nov-22,"3,859.89","3,958.33","3,859.89","3,956.37","3,956.37","5,781,260,000"
9-Nov-22,"3,810.94","3,818.20","3,744.22","3,748.57","3,748.57","4,645,010,000"
8-Nov-22,"3,817.02","3,859.40","3,786.28","3,828.11","3,828.11","4,607,640,000"
7-Nov-22,"3,780.71","3,813.95","3,764.70","3,806.80","3,806.80","4,341,620,000"
4-Nov-22,"3,766.98","3,796.34","3,708.84","3,770.55","3,770.55","5,400,180,000"
3-Nov-22,"3,733.25","3,750.59","3,698.15","3,719.89","3,719.89","4,625,290,000"
2-Nov-22,"3,852.90","3,894.44","3,758.68","3,759.69","3,759.69","4,899,000,000"
1-Nov-22,"3,901.79","3,911.79","3,843.80","3,856.10","3,856.10","4,481,210,000"
31-Oct-22,"3,881.85","3,893.73","3,863.18","3,871.98","3,871.98","4,820,620,000"
28-Oct-22,"3,808.26","3,905.42","3,808.26","3,901.06","3,901.06","4,459,410,000"
27-Oct-22,"3,834.69","3,859.95","3,803.79","3,807.30","3,807.30","4,687,320,000"
26-Oct-22,"3,825.97","3,886.15","3,824.07","3,830.60","3,830.60","4,817,310,000"
25-Oct-22,"3,799.44","3,862.85","3,799.44","3,859.11","3,859.11","4,843,120,000"
24-Oct-22,"3,762.01","3,810.74","3,741.65","3,797.34","3,797.34","4,747,930,000"
21-Oct-22,"3,657.10","3,757.89","3,647.42","3,752.75","3,752.75","5,078,020,000"
20-Oct-22,"3,689.05","3,736.00","3,656.44","3,665.78","3,665.78","4,496,620,000"
19-Oct-22,"3,703.11","3,728.58","3,666.51","3,695.16","3,695.16","4,223,800,000"
18-Oct-22,"3,746.26","3,762.79","3,686.53","3,719.98","3,719.98","4,483,740,000"
17-Oct-22,"3,638.65","3,689.73","3,638.65","3,677.95","3,677.95","4,352,780,000"
14-Oct-22,"3,690.41","3,712.00","3,579.68","3,583.07","3,583.07","4,243,030,000"
13-Oct-22,"3,520.37","3,685.41","3,491.58","3,669.91","3,669.91","5,021,680,000"
12-Oct-22,"3,590.83","3,608.34","3,573.86","3,577.03","3,577.03","4,006,830,000"
11-Oct-22,"3,595.86","3,640.66","3,568.45","3,588.84","3,588.84","4,759,030,000"
10-Oct-22,"3,647.51","3,652.17","3,588.10","3,612.39","3,612.39","3,834,320,000"
7-Oct-22,"3,706.74","3,706.74","3,620.73","3,639.66","3,639.66","4,449,660,000"
6-Oct-22,"3,771.97","3,797.93","3,739.22","3,744.52","3,744.52","4,252,100,000"
5-Oct-22,"3,753.25","3,806.91","3,722.66","3,783.28","3,783.28","4,293,180,000"
4-Oct-22,"3,726.46","3,791.92","3,726.46","3,790.93","3,790.93","5,146,580,000"
3-Oct-22,"3,609.78","3,698.35","3,604.93","3,678.43","3,678.43","4,806,680,000"
30-Sep-22,"3,633.48","3,671.44","3,584.13","3,585.62","3,585.62","5,645,360,000"
29-Sep-22,"3,687.01","3,687.01","3,610.40","3,640.47","3,640.47","4,681,810,000"
28-Sep-22,"3,651.94","3,736.74","3,640.61","3,719.04","3,719.04","4,684,850,000"
27-Sep-22,"3,686.44","3,717.53","3,623.29","3,647.29","3,647.29","4,577,740,000"
26-Sep-22,"3,682.72","3,715.67","3,644.76","3,655.04","3,655.04","4,886,140,000"
23-Sep-22,"3,727.14","3,727.14","3,647.47","3,693.23","3,693.23","5,144,270,000"
22-Sep-22,"3,782.36","3,790.90","3,749.45","3,757.99","3,757.99","4,284,600,000"
21-Sep-22,"3,871.40","3,907.07","3,789.49","3,789.93","3,789.93","4,078,330,000"
20-Sep-22,"3,875.23","3,876.01","3,827.54","3,855.93","3,855.93","4,058,050,000"
19-Sep-22,"3,849.91","3,900.45","3,838.50","3,899.89","3,899.89","3,766,850,000"
16-Sep-22,"3,880.95","3,880.95","3,837.08","3,873.33","3,873.33","7,954,650,000"
15-Sep-22,"3,932.41","3,959.14","3,888.28","3,901.35","3,901.35","4,441,830,000"
14-Sep-22,"3,940.73","3,961.94","3,912.18","3,946.01","3,946.01","4,293,240,000"
13-Sep-22,"4,037.12","4,037.12","3,921.28","3,932.69","3,932.69","4,224,550,000"
12-Sep-22,"4,083.67","4,119.28","4,083.67","4,110.41","4,110.41","3,814,200,000"
9-Sep-22,"4,022.94","4,076.81","4,022.94","4,067.36","4,067.36","3,901,940,000"
8-Sep-22,"3,959.94","4,010.50","3,944.81","4,006.18","4,006.18","3,966,850,000"
7-Sep-22,"3,909.43","3,987.89","3,906.03","3,979.87","3,979.87","3,890,320,000"
6-Sep-22,"3,930.89","3,942.55","3,886.75","3,908.19","3,908.19","4,127,340,000"
2-Sep-22,"3,994.66","4,018.43","3,906.21","3,924.26","3,924.26","3,665,850,000"
1-Sep-22,"3,936.73","3,970.23","3,903.65","3,966.85","3,966.85","4,152,250,000"
31-Aug-22,"4,000.67","4,015.37","3,954.53","3,955.00","3,955.00","4,542,490,000"
30-Aug-22,"4,041.25","4,044.98","3,965.21","3,986.16","3,986.16","3,835,860,000"
29-Aug-22,"4,034.58","4,062.99","4,017.42","4,030.61","4,030.61","3,396,510,000"
26-Aug-22,"4,198.74","4,203.04","4,057.66","4,057.66","4,057.66","3,832,750,000"
25-Aug-22,"4,153.26","4,200.54","4,147.59","4,199.12","4,199.12","3,566,870,000"
24-Aug-22,"4,126.55","4,156.56","4,119.97","4,140.77","4,140.77","3,583,630,000"
23-Aug-22,"4,133.09","4,159.77","4,124.03","4,128.73","4,128.73","3,823,520,000"
22-Aug-22,"4,195.08","4,195.08","4,129.86","4,137.99","4,137.99","3,907,430,000"
19-Aug-22,"4,266.31","4,266.31","4,218.70","4,228.48","4,228.48","3,761,340,000"
18-Aug-22,"4,273.13","4,292.53","4,261.98","4,283.74","4,283.74","3,340,330,000"
17-Aug-22,"4,280.40","4,302.18","4,253.08","4,274.04","4,274.04","3,885,030,000"
16-Aug-22,"4,290.46","4,325.28","4,277.77","4,305.20","4,305.20","4,329,820,000"
15-Aug-22,"4,269.37","4,301.79","4,256.90","4,297.14","4,297.14","3,696,830,000"
12-Aug-22,"4,225.02","4,280.47","4,219.78","4,280.15","4,280.15","3,788,010,000"
11-Aug-22,"4,227.40","4,257.91","4,201.41","4,207.27","4,207.27","4,630,200,000"
10-Aug-22,"4,181.02","4,211.03","4,177.26","4,210.24","4,210.24","4,546,010,000"
9-Aug-22,"4,133.11","4,137.30","4,112.09","4,122.47","4,122.47","3,913,090,000"
8-Aug-22,"4,155.93","4,186.62","4,128.97","4,140.06","4,140.06","4,221,090,000"
5-Aug-22,"4,115.87","4,151.58","4,107.31","4,145.19","4,145.19","4,085,940,000"
4-Aug-22,"4,154.85","4,161.29","4,135.42","4,151.94","4,151.94","4,283,320,000"
3-Aug-22,"4,107.96","4,167.66","4,107.96","4,155.17","4,155.17","4,351,760,000"
2-Aug-22,"4,104.21","4,140.47","4,079.81","4,091.19","4,091.19","4,727,710,000"
1-Aug-22,"4,112.38","4,144.95","4,096.02","4,118.63","4,118.63","4,202,810,000"
29-Jul-22,"4,087.33","4,140.15","4,079.22","4,130.29","4,130.29","4,616,360,000"
28-Jul-22,"4,026.13","4,078.95","3,992.97","4,072.43","4,072.43","4,413,000,000"
27-Jul-22,"3,951.43","4,039.56","3,951.43","4,023.61","4,023.61","4,112,180,000"
26-Jul-22,"3,953.22","3,953.22","3,910.74","3,921.05","3,921.05","3,778,950,000"
25-Jul-22,"3,965.72","3,975.30","3,943.46","3,966.84","3,966.84","3,568,340,000"
22-Jul-22,"3,998.43","4,012.44","3,938.86","3,961.63","3,961.63","3,979,240,000"
21-Jul-22,"3,955.47","3,999.29","3,927.64","3,998.95","3,998.95","4,132,790,000"
20-Jul-22,"3,935.32","3,974.13","3,922.03","3,959.90","3,959.90","4,185,300,000"
19-Jul-22,"3,860.73","3,939.81","3,860.73","3,936.69","3,936.69","4,041,070,000"
18-Jul-22,"3,883.79","3,902.44","3,818.63","3,830.85","3,830.85","4,046,870,000"
15-Jul-22,"3,818.00","3,863.62","3,817.18","3,863.16","3,863.16","4,143,800,000"
14-Jul-22,"3,763.99","3,796.41","3,721.56","3,790.38","3,790.38","4,199,690,000"
13-Jul-22,"3,779.67","3,829.44","3,759.07","3,801.78","3,801.78","4,109,390,000"
12-Jul-22,"3,851.95","3,873.41","3,802.36","3,818.80","3,818.80","3,817,210,000"
11-Jul-22,"3,880.94","3,880.94","3,847.22","3,854.43","3,854.43","3,423,480,000"
8-Jul-22,"3,888.26","3,918.50","3,869.34","3,899.38","3,899.38","3,521,620,000"
7-Jul-22,"3,858.85","3,910.63","3,858.85","3,902.62","3,902.62","4,057,770,000"
6-Jul-22,"3,831.98","3,870.91","3,809.37","3,845.08","3,845.08","4,417,720,000"
5-Jul-22,"3,792.61","3,832.19","3,742.06","3,831.39","3,831.39","5,076,590,000"
1-Jul-22,"3,781.00","3,829.82","3,752.10","3,825.33","3,825.33","4,046,950,000"
30-Jun-22,"3,785.99","3,818.99","3,738.67","3,785.38","3,785.38","4,840,070,000"
29-Jun-22,"3,825.09","3,836.50","3,799.02","3,818.83","3,818.83","4,211,240,000"
28-Jun-22,"3,913.00","3,945.86","3,820.14","3,821.55","3,821.55","4,270,120,000"
27-Jun-22,"3,920.76","3,927.72","3,889.66","3,900.11","3,900.11","4,325,310,000"
24-Jun-22,"3,821.75","3,913.65","3,821.75","3,911.74","3,911.74","8,120,260,000"
23-Jun-22,"3,774.71","3,802.58","3,743.52","3,795.73","3,795.73","5,098,640,000"
22-Jun-22,"3,733.89","3,801.79","3,717.69","3,759.89","3,759.89","5,058,990,000"
21-Jun-22,"3,715.31","3,779.65","3,715.31","3,764.79","3,764.79","5,292,260,000"
17-Jun-22,"3,665.90","3,707.71","3,636.87","3,674.84","3,674.84","8,520,740,000"
16-Jun-22,"3,728.18","3,728.18","3,639.77","3,666.77","3,666.77","5,644,930,000"
15-Jun-22,"3,764.05","3,837.56","3,722.30","3,789.99","3,789.99","5,530,480,000"
14-Jun-22,"3,763.52","3,778.18","3,705.68","3,735.48","3,735.48","5,153,890,000"
13-Jun-22,"3,838.15","3,838.15","3,734.30","3,749.63","3,749.63","5,636,890,000"
10-Jun-22,"3,974.39","3,974.39","3,900.16","3,900.86","3,900.86","4,889,640,000"
9-Jun-22,"4,101.65","4,119.10","4,017.17","4,017.82","4,017.82","4,134,170,000"
8-Jun-22,"4,147.12","4,160.14","4,107.20","4,115.77","4,115.77","4,159,470,000"
7-Jun-22,"4,096.47","4,164.86","4,080.19","4,160.68","4,160.68","4,248,210,000"
6-Jun-22,"4,134.72","4,168.78","4,109.18","4,121.43","4,121.43","4,332,700,000"
3-Jun-22,"4,137.57","4,142.67","4,098.67","4,108.54","4,108.54","3,711,110,000"
2-Jun-22,"4,095.41","4,177.51","4,074.37","4,176.82","4,176.82","4,405,790,000"
1-Jun-22,"4,149.78","4,166.54","4,073.85","4,101.23","4,101.23","4,531,800,000"
31-May-22,"4,151.09","4,168.34","4,104.88","4,132.15","4,132.15","6,822,640,000"
27-May-22,"4,077.43","4,158.49","4,077.43","4,158.24","4,158.24","4,375,620,000"
26-May-22,"3,984.60","4,075.14","3,984.60","4,057.84","4,057.84","4,709,970,000"
25-May-22,"3,929.59","3,999.33","3,925.03","3,978.73","3,978.73","4,802,560,000"
24-May-22,"3,942.94","3,955.68","3,875.13","3,941.48","3,941.48","4,923,190,000"
23-May-22,"3,919.42","3,981.88","3,909.04","3,973.75","3,973.75","4,420,030,000"
20-May-22,"3,927.76","3,943.42","3,810.32","3,901.36","3,901.36","5,130,730,000"
19-May-22,"3,899.00","3,945.96","3,876.58","3,900.79","3,900.79","5,113,550,000"
18-May-22,"4,051.98","4,051.98","3,911.91","3,923.68","3,923.68","5,103,220,000"
17-May-22,"4,052.00","4,090.72","4,033.93","4,088.85","4,088.85","4,841,410,000"
16-May-22,"4,013.02","4,046.46","3,983.99","4,008.01","4,008.01","4,415,030,000"
13-May-22,"3,963.90","4,038.88","3,963.90","4,023.89","4,023.89","5,183,340,000"
12-May-22,"3,903.95","3,964.80","3,858.87","3,930.08","3,930.08","6,286,450,000"
11-May-22,"3,990.08","4,049.09","3,928.82","3,935.18","3,935.18","5,816,140,000"
10-May-22,"4,035.18","4,068.82","3,958.17","4,001.05","4,001.05","5,885,820,000"
9-May-22,"4,081.27","4,081.27","3,975.48","3,991.24","3,991.24","5,954,520,000"
6-May-22,"4,128.17","4,157.69","4,067.91","4,123.34","4,123.34","5,116,940,000"
5-May-22,"4,270.43","4,270.43","4,106.01","4,146.87","4,146.87","5,077,030,000"
4-May-22,"4,181.18","4,307.66","4,148.91","4,300.17","4,300.17","5,136,360,000"
3-May-22,"4,159.78","4,200.10","4,147.08","4,175.48","4,175.48","4,582,050,000"
2-May-22,"4,130.61","4,169.81","4,062.51","4,155.38","4,155.38","5,163,790,000"
29-Apr-22,"4,253.75","4,269.68","4,124.28","4,131.93","4,131.93","5,084,030,000"
28-Apr-22,"4,222.58","4,308.45","4,188.63","4,287.50","4,287.50","4,854,180,000"
27-Apr-22,"4,186.52","4,240.71","4,162.90","4,183.96","4,183.96","4,769,680,000"
26-Apr-22,"4,278.14","4,278.14","4,175.04","4,175.20","4,175.20","4,689,970,000"
25-Apr-22,"4,255.34","4,299.02","4,200.82","4,296.12","4,296.12","5,240,040,000"
22-Apr-22,"4,385.83","4,385.83","4,267.62","4,271.78","4,271.78","4,651,940,000"
21-Apr-22,"4,489.17","4,512.94","4,384.47","4,393.66","4,393.66","4,636,890,000"
20-Apr-22,"4,472.26","4,488.29","4,448.76","4,459.45","4,459.45","4,290,450,000"
19-Apr-22,"4,390.63","4,471.03","4,390.63","4,462.21","4,462.21","4,108,120,000"
18-Apr-22,"4,385.63","4,410.31","4,370.30","4,391.69","4,391.69","3,910,490,000"
14-Apr-22,"4,449.12","4,460.46","4,390.77","4,392.59","4,392.59","4,083,090,000"
13-Apr-22,"4,394.30","4,453.92","4,392.70","4,446.59","4,446.59","3,828,150,000"
12-Apr-22,"4,437.59","4,471.00","4,381.34","4,397.45","4,397.45","4,152,090,000"
11-Apr-22,"4,462.64","4,464.35","4,408.38","4,412.53","4,412.53","4,266,290,000"
8-Apr-22,"4,494.15","4,520.41","4,474.60","4,488.28","4,488.28","4,083,200,000"
7-Apr-22,"4,474.65","4,521.16","4,450.30","4,500.21","4,500.21","4,821,490,000"
6-Apr-22,"4,494.17","4,503.94","4,450.04","4,481.15","4,481.15","4,986,830,000"
5-Apr-22,"4,572.45","4,593.45","4,514.17","4,525.12","4,525.12","4,800,620,000"
4-Apr-22,"4,547.97","4,583.50","4,539.21","4,582.64","4,582.64","4,547,350,000"
1-Apr-22,"4,540.32","4,548.70","4,507.57","4,545.86","4,545.86","4,562,940,000"
31-Mar-22,"4,599.02","4,603.07","4,530.41","4,530.41","4,530.41","4,823,020,000"
30-Mar-22,"4,624.20","4,627.77","4,581.32","4,602.45","4,602.45","4,385,570,000"
29-Mar-22,"4,602.86","4,637.30","4,589.66","4,631.60","4,631.60","5,085,910,000"
28-Mar-22,"4,541.09","4,575.65","4,517.69","4,575.52","4,575.52","4,312,260,000"
25-Mar-22,"4,522.91","4,546.03","4,501.07","4,543.06","4,543.06","4,305,020,000"
24-Mar-22,"4,469.98","4,520.58","4,465.17","4,520.16","4,520.16","4,131,390,000"
23-Mar-22,"4,493.10","4,501.07","4,455.81","4,456.24","4,456.24","4,550,670,000"
22-Mar-22,"4,469.10","4,522.00","4,469.10","4,511.61","4,511.61","4,754,840,000"
21-Mar-22,"4,462.40","4,481.75","4,424.30","4,461.18","4,461.18","4,869,820,000"
18-Mar-22,"4,407.34","4,465.40","4,390.57","4,463.12","4,463.12","8,278,430,000"
17-Mar-22,"4,345.11","4,412.67","4,335.65","4,411.67","4,411.67","4,985,090,000"
16-Mar-22,"4,288.14","4,358.90","4,251.99","4,357.86","4,357.86","6,309,750,000"
15-Mar-22,"4,188.82","4,271.05","4,187.90","4,262.45","4,262.45","5,392,470,000"
14-Mar-22,"4,202.75","4,247.57","4,161.72","4,173.11","4,173.11","5,574,920,000"
11-Mar-22,"4,279.50","4,291.01","4,200.49","4,204.31","4,204.31","4,938,640,000"
10-Mar-22,"4,252.55","4,268.28","4,209.80","4,259.52","4,259.52","4,980,830,000"
9-Mar-22,"4,223.10","4,299.40","4,223.10","4,277.88","4,277.88","5,662,670,000"
8-Mar-22,"4,202.66","4,276.94","4,157.87","4,170.70","4,170.70","7,243,120,000"
7-Mar-22,"4,327.01","4,327.01","4,199.85","4,201.09","4,201.09","6,940,470,000"
4-Mar-22,"4,342.12","4,342.12","4,284.98","4,328.87","4,328.87","5,797,380,000"
3-Mar-22,"4,401.31","4,416.78","4,345.56","4,363.49","4,363.49","5,039,890,000"
2-Mar-22,"4,322.56","4,401.48","4,322.56","4,386.54","4,386.54","5,337,870,000"
1-Mar-22,"4,363.14","4,378.45","4,279.54","4,306.26","4,306.26","5,846,230,000"
28-Feb-22,"4,354.17","4,388.84","4,315.12","4,373.94","4,373.94","6,071,370,000"
25-Feb-22,"4,298.38","4,385.34","4,286.83","4,384.65","4,384.65","5,177,060,000"
24-Feb-22,"4,155.77","4,294.73","4,114.65","4,288.70","4,288.70","6,752,130,000"
23-Feb-22,"4,324.93","4,341.51","4,221.51","4,225.50","4,225.50","4,797,430,000"
22-Feb-22,"4,332.74","4,362.12","4,267.11","4,304.76","4,304.76","5,121,900,000"
18-Feb-22,"4,384.57","4,394.60","4,327.22","4,348.87","4,348.87","4,708,060,000"
17-Feb-22,"4,456.06","4,456.06","4,373.81","4,380.26","4,380.26","4,539,420,000"
16-Feb-22,"4,455.75","4,489.55","4,429.68","4,475.01","4,475.01","4,283,640,000"
15-Feb-22,"4,429.28","4,472.77","4,429.28","4,471.07","4,471.07","4,430,830,000"
14-Feb-22,"4,412.61","4,426.22","4,364.84","4,401.67","4,401.67","4,600,390,000"
11-Feb-22,"4,506.27","4,526.33","4,401.41","4,418.64","4,418.64","5,251,500,000"
10-Feb-22,"4,553.24","4,588.92","4,484.31","4,504.08","4,504.08","5,314,860,000"
9-Feb-22,"4,547.00","4,590.03","4,547.00","4,587.18","4,587.18","4,524,350,000"
8-Feb-22,"4,480.02","4,531.32","4,465.40","4,521.54","4,521.54","4,459,620,000"
7-Feb-22,"4,505.75","4,521.86","4,471.47","4,483.87","4,483.87","4,228,480,000"
4-Feb-22,"4,482.79","4,539.66","4,451.50","4,500.53","4,500.53","4,706,290,000"
3-Feb-22,"4,535.41","4,542.88","4,470.39","4,477.44","4,477.44","4,401,970,000"
2-Feb-22,"4,566.39","4,595.31","4,544.32","4,589.38","4,589.38","4,481,580,000"
1-Feb-22,"4,519.57","4,550.49","4,483.53","4,546.54","4,546.54","4,816,830,000"
31-Jan-22,"4,431.79","4,516.89","4,414.02","4,515.55","4,515.55","5,098,610,000"
28-Jan-22,"4,336.19","4,432.72","4,292.46","4,431.85","4,431.85","5,031,090,000"
27-Jan-22,"4,380.58","4,428.74","4,309.50","4,326.51","4,326.51","5,214,200,000"
26-Jan-22,"4,408.43","4,453.23","4,304.80","4,349.93","4,349.93","5,570,640,000"
25-Jan-22,"4,366.64","4,411.01","4,287.11","4,356.45","4,356.45","5,145,050,000"
24-Jan-22,"4,356.32","4,417.35","4,222.62","4,410.13","4,410.13","6,928,110,000"
21-Jan-22,"4,471.38","4,494.52","4,395.34","4,397.94","4,397.94","5,589,100,000"
20-Jan-22,"4,547.35","4,602.11","4,477.95","4,482.73","4,482.73","4,640,870,000"
19-Jan-22,"4,588.03","4,611.55","4,530.20","4,532.76","4,532.76","4,465,740,000"
18-Jan-22,"4,632.24","4,632.24","4,568.70","4,577.11","4,577.11","4,748,700,000"
14-Jan-22,"4,637.99","4,665.13","4,614.75","4,662.85","4,662.85","4,338,490,000"
13-Jan-22,"4,733.56","4,744.13","4,650.29","4,659.03","4,659.03","4,251,730,000"
12-Jan-22,"4,728.59","4,748.83","4,706.71","4,726.35","4,726.35","4,048,220,000"
11-Jan-22,"4,669.14","4,714.13","4,638.27","4,713.07","4,713.07","4,101,590,000"
10-Jan-22,"4,655.34","4,673.02","4,582.24","4,670.29","4,670.29","4,511,810,000"
7-Jan-22,"4,697.66","4,707.95","4,662.74","4,677.03","4,677.03","4,181,510,000"
6-Jan-22,"4,693.39","4,725.01","4,671.26","4,696.05","4,696.05","4,295,280,000"
5-Jan-22,"4,787.99","4,797.70","4,699.44","4,700.58","4,700.58","4,887,960,000"
4-Jan-22,"4,804.51","4,818.62","4,774.27","4,793.54","4,793.54","4,683,170,000"
3-Jan-22,"4,778.14","4,796.64","4,758.17","4,796.56","4,796.56","3,831,020,000"
31-Dec-21,"4,775.21","4,786.83","4,765.75","4,766.18","4,766.18","2,677,820,000"
30-Dec-21,"4,794.23","4,808.93","4,775.33","4,778.73","4,778.73","3,124,950,000"
29-Dec-21,"4,788.64","4,804.06","4,778.08","4,793.06","4,793.06","2,963,310,000"
28-Dec-21,"4,795.49","4,807.02","4,780.04","4,786.35","4,786.35","2,707,920,000"
27-Dec-21,"4,733.99","4,791.49","4,733.99","4,791.19","4,791.19","2,770,290,000"
23-Dec-21,"4,703.96","4,740.74","4,703.96","4,725.79","4,725.79","2,913,040,000"
22-Dec-21,"4,650.36","4,697.67","4,645.53","4,696.56","4,696.56","3,319,610,000"
21-Dec-21,"4,594.96","4,651.14","4,583.16","4,649.23","4,649.23","4,072,430,000"
20-Dec-21,"4,587.90","4,587.90","4,531.10","4,568.02","4,568.02","4,635,700,000"
17-Dec-21,"4,652.50","4,666.70","4,600.22","4,620.64","4,620.64","7,987,090,000"
16-Dec-21,"4,719.13","4,731.99","4,651.89","4,668.67","4,668.67","4,829,500,000"
15-Dec-21,"4,636.46","4,712.60","4,611.22","4,709.85","4,709.85","4,910,130,000"
14-Dec-21,"4,642.99","4,660.47","4,606.52","4,634.09","4,634.09","4,485,430,000"
13-Dec-21,"4,710.30","4,710.30","4,667.60","4,668.97","4,668.97","4,397,230,000"
10-Dec-21,"4,687.64","4,713.57","4,670.24","4,712.02","4,712.02","3,870,110,000"
9-Dec-21,"4,691.00","4,695.26","4,665.98","4,667.45","4,667.45","3,903,840,000"
8-Dec-21,"4,690.86","4,705.06","4,674.52","4,701.21","4,701.21","4,234,600,000"
7-Dec-21,"4,631.97","4,694.04","4,631.97","4,686.75","4,686.75","4,492,400,000"
6-Dec-21,"4,548.37","4,612.60","4,540.51","4,591.67","4,591.67","4,770,800,000"
3-Dec-21,"4,589.49","4,608.03","4,495.12","4,538.43","4,538.43","5,240,070,000"
2-Dec-21,"4,504.73","4,595.46","4,504.73","4,577.10","4,577.10","5,077,180,000"
1-Dec-21,"4,602.82","4,652.94","4,510.27","4,513.04","4,513.04","5,366,730,000"
30-Nov-21,"4,640.25","4,646.02","4,560.00","4,567.00","4,567.00","6,625,990,000"
29-Nov-21,"4,628.75","4,672.95","4,625.26","4,655.27","4,655.27","4,336,410,000"
26-Nov-21,"4,664.63","4,664.63","4,585.43","4,594.62","4,594.62","3,517,700,000"
24-Nov-21,"4,675.78","4,702.87","4,659.89","4,701.46","4,701.46","3,418,430,000"
23-Nov-21,"4,678.48","4,699.39","4,652.66","4,690.70","4,690.70","4,277,590,000"
22-Nov-21,"4,712.00","4,743.83","4,682.17","4,682.94","4,682.94","4,441,100,000"
19-Nov-21,"4,708.44","4,717.75","4,694.22","4,697.96","4,697.96","4,253,180,000"
18-Nov-21,"4,700.72","4,708.80","4,672.78","4,704.54","4,704.54","4,226,410,000"
17-Nov-21,"4,701.50","4,701.50","4,684.41","4,688.67","4,688.67","3,969,070,000"
16-Nov-21,"4,679.42","4,714.95","4,679.42","4,700.90","4,700.90","3,972,640,000"
15-Nov-21,"4,689.30","4,697.42","4,672.86","4,682.80","4,682.80","3,488,410,000"
12-Nov-21,"4,655.24","4,688.47","4,650.77","4,682.85","4,682.85","3,728,600,000"
11-Nov-21,"4,659.39","4,664.55","4,648.31","4,649.27","4,649.27","3,926,870,000"
10-Nov-21,"4,670.26","4,684.85","4,630.86","4,646.71","4,646.71","4,503,720,000"
9-Nov-21,"4,707.25","4,708.53","4,670.87","4,685.25","4,685.25","4,117,080,000"
8-Nov-21,"4,701.48","4,714.92","4,694.39","4,701.70","4,701.70","4,269,710,000"
5-Nov-21,"4,699.26","4,718.50","4,681.32","4,697.53","4,697.53","4,467,180,000"
4-Nov-21,"4,662.93","4,683.00","4,662.59","4,680.06","4,680.06","4,462,300,000"
3-Nov-21,"4,630.65","4,663.46","4,621.19","4,660.57","4,660.57","4,319,660,000"
2-Nov-21,"4,613.34","4,635.15","4,613.34","4,630.65","4,630.65","3,975,250,000"
1-Nov-21,"4,610.62","4,620.34","4,595.06","4,613.67","4,613.67","3,971,540,000"
29-Oct-21,"4,572.87","4,608.08","4,567.59","4,605.38","4,605.38","4,510,200,000"
28-Oct-21,"4,562.84","4,597.55","4,562.84","4,596.42","4,596.42","4,132,950,000"
27-Oct-21,"4,580.22","4,584.57","4,551.66","4,551.68","4,551.68","4,226,050,000"
26-Oct-21,"4,578.69","4,598.53","4,569.17","4,574.79","4,574.79","3,879,740,000"
25-Oct-21,"4,553.69","4,572.62","4,537.36","4,566.48","4,566.48","3,899,400,000"
22-Oct-21,"4,546.12","4,559.67","4,524.00","4,544.90","4,544.90","3,758,220,000"
21-Oct-21,"4,532.24","4,551.44","4,526.89","4,549.78","4,549.78","3,822,330,000"
20-Oct-21,"4,524.42","4,540.87","4,524.40","4,536.19","4,536.19","3,670,760,000"
19-Oct-21,"4,497.34","4,520.40","4,496.41","4,519.63","4,519.63","3,459,130,000"
18-Oct-21,"4,463.72","4,488.75","4,447.47","4,486.46","4,486.46","3,662,010,000"
15-Oct-21,"4,447.69","4,475.82","4,447.69","4,471.37","4,471.37","3,819,380,000"
14-Oct-21,"4,386.75","4,439.73","4,386.75","4,438.26","4,438.26","3,598,280,000"
13-Oct-21,"4,358.01","4,372.87","4,329.92","4,363.80","4,363.80","3,620,070,000"
12-Oct-21,"4,368.31","4,374.89","4,342.09","4,350.65","4,350.65","3,558,450,000"
11-Oct-21,"4,385.44","4,415.88","4,360.59","4,361.19","4,361.19","3,281,970,000"
8-Oct-21,"4,406.51","4,412.02","4,386.22","4,391.34","4,391.34","3,280,160,000"
7-Oct-21,"4,383.73","4,429.97","4,383.73","4,399.76","4,399.76","3,843,740,000"
6-Oct-21,"4,319.57","4,365.57","4,290.49","4,363.55","4,363.55","4,009,630,000"
5-Oct-21,"4,309.87","4,369.23","4,309.87","4,345.72","4,345.72","3,902,890,000"
4-Oct-21,"4,348.84","4,355.51","4,278.94","4,300.46","4,300.46","4,307,870,000"
1-Oct-21,"4,317.16","4,375.19","4,288.52","4,357.04","4,357.04","4,010,370,000"
30-Sep-21,"4,370.67","4,382.55","4,306.24","4,307.54","4,307.54","4,448,140,000"
29-Sep-21,"4,362.41","4,385.57","4,355.08","4,359.46","4,359.46","3,712,660,000"
28-Sep-21,"4,419.54","4,419.54","4,346.33","4,352.63","4,352.63","4,416,550,000"
27-Sep-21,"4,442.12","4,457.30","4,436.19","4,443.11","4,443.11","4,058,650,000"
24-Sep-21,"4,438.04","4,463.12","4,430.27","4,455.48","4,455.48","3,384,290,000"
23-Sep-21,"4,406.75","4,465.40","4,406.75","4,448.98","4,448.98","3,916,350,000"
22-Sep-21,"4,367.43","4,416.75","4,367.43","4,395.64","4,395.64","3,939,170,000"
21-Sep-21,"4,374.45","4,394.87","4,347.96","4,354.19","4,354.19","3,920,920,000"
20-Sep-21,"4,402.95","4,402.95","4,305.91","4,357.73","4,357.73","4,898,070,000"
17-Sep-21,"4,469.74","4,471.52","4,427.76","4,432.99","4,432.99","7,289,530,000"
16-Sep-21,"4,477.09","4,485.87","4,443.80","4,473.75","4,473.75","3,984,560,000"
15-Sep-21,"4,447.49","4,486.87","4,438.37","4,480.70","4,480.70","4,032,020,000"
14-Sep-21,"4,479.33","4,485.68","4,435.46","4,443.05","4,443.05","3,670,460,000"
13-Sep-21,"4,474.81","4,492.99","4,445.70","4,468.73","4,468.73","3,914,220,000"
10-Sep-21,"4,506.92","4,520.47","4,457.66","4,458.58","4,458.58","3,623,180,000"
9-Sep-21,"4,513.02","4,529.90","4,492.07","4,493.28","4,493.28","3,735,390,000"
8-Sep-21,"4,518.09","4,521.79","4,493.95","4,514.07","4,514.07","3,750,880,000"
7-Sep-21,"4,535.38","4,535.38","4,513.00","4,520.03","4,520.03","3,822,960,000"
3-Sep-21,"4,532.42","4,541.45","4,521.30","4,535.43","4,535.43","3,217,530,000"
2-Sep-21,"4,534.48","4,545.85","4,524.66","4,536.95","4,536.95","3,735,990,000"
1-Sep-21,"4,528.80","4,537.11","4,522.02","4,524.09","4,524.09","4,057,340,000"
31-Aug-21,"4,529.75","4,531.39","4,515.80","4,522.68","4,522.68","4,290,710,000"
30-Aug-21,"4,513.76","4,537.36","4,513.76","4,528.79","4,528.79","3,168,660,000"
27-Aug-21,"4,474.10","4,513.33","4,474.10","4,509.37","4,509.37","3,331,200,000"
26-Aug-21,"4,493.75","4,495.90","4,468.99","4,470.00","4,470.00","3,263,980,000"
25-Aug-21,"4,490.45","4,501.71","4,485.66","4,496.19","4,496.19","3,444,700,000"
24-Aug-21,"4,484.40","4,492.81","4,482.28","4,486.23","4,486.23","3,979,220,000"
23-Aug-21,"4,450.29","4,489.88","4,450.29","4,479.53","4,479.53","3,576,530,000"
20-Aug-21,"4,410.56","4,444.35","4,406.80","4,441.67","4,441.67","3,652,610,000"
19-Aug-21,"4,382.44","4,418.61","4,367.73","4,405.80","4,405.80","4,398,410,000"
18-Aug-21,"4,440.94","4,454.32","4,397.59","4,400.27","4,400.27","3,755,590,000"
17-Aug-21,"4,462.12","4,462.12","4,417.83","4,448.08","4,448.08","3,836,960,000"
16-Aug-21,"4,461.65","4,480.26","4,437.66","4,479.71","4,479.71","3,370,640,000"
13-Aug-21,"4,464.84","4,468.37","4,460.82","4,468.00","4,468.00","3,016,470,000"
12-Aug-21,"4,446.08","4,461.77","4,435.96","4,460.83","4,460.83","3,375,310,000"
11-Aug-21,"4,442.18","4,449.44","4,436.42","4,442.41","4,442.41","3,532,560,000"
10-Aug-21,"4,435.79","4,445.21","4,430.03","4,436.75","4,436.75","3,886,610,000"
9-Aug-21,"4,437.77","4,439.39","4,424.74","4,432.35","4,432.35","3,449,280,000"
6-Aug-21,"4,429.07","4,440.82","4,429.07","4,436.52","4,436.52","3,451,870,000"
5-Aug-21,"4,408.86","4,429.76","4,408.86","4,429.10","4,429.10","3,769,410,000"
4-Aug-21,"4,415.95","4,416.17","4,400.23","4,402.66","4,402.66","4,260,760,000"
3-Aug-21,"4,392.74","4,423.79","4,373.00","4,423.15","4,423.15","3,965,190,000"
2-Aug-21,"4,406.86","4,422.18","4,384.81","4,387.16","4,387.16","3,724,090,000"
30-Jul-21,"4,395.12","4,412.25","4,389.65","4,395.26","4,395.26","3,956,740,000"
29-Jul-21,"4,403.59","4,429.97","4,403.59","4,419.15","4,419.15","4,044,600,000"
28-Jul-21,"4,402.95","4,415.47","4,387.01","4,400.64","4,400.64","4,215,290,000"
27-Jul-21,"4,416.38","4,416.38","4,372.51","4,401.46","4,401.46","4,241,950,000"
26-Jul-21,"4,409.58","4,422.73","4,405.45","4,422.30","4,422.30","4,275,630,000"
23-Jul-21,"4,381.20","4,415.18","4,381.20","4,411.79","4,411.79","4,540,070,000"
22-Jul-21,"4,361.27","4,369.87","4,350.06","4,367.48","4,367.48","3,358,300,000"
21-Jul-21,"4,331.13","4,359.70","4,331.13","4,358.69","4,358.69","3,810,280,000"
20-Jul-21,"4,265.11","4,336.84","4,262.05","4,323.06","4,323.06","4,438,270,000"
19-Jul-21,"4,296.40","4,296.40","4,233.13","4,258.49","4,258.49","5,157,660,000"
16-Jul-21,"4,367.43","4,375.09","4,322.53","4,327.16","4,327.16","3,985,700,000"
15-Jul-21,"4,369.02","4,369.02","4,340.70","4,360.03","4,360.03","3,905,230,000"
14-Jul-21,"4,380.11","4,393.68","4,362.36","4,374.30","4,374.30","4,006,370,000"
13-Jul-21,"4,381.07","4,392.37","4,366.92","4,369.21","4,369.21","3,695,430,000"
12-Jul-21,"4,372.41","4,386.68","4,364.03","4,384.63","4,384.63","3,384,460,000"
9-Jul-21,"4,329.38","4,371.60","4,329.38","4,369.55","4,369.55","3,531,120,000"
8-Jul-21,"4,321.07","4,330.88","4,289.37","4,320.82","4,320.82","4,347,500,000"
7-Jul-21,"4,351.01","4,361.88","4,329.79","4,358.13","4,358.13","4,037,380,000"
6-Jul-21,"4,356.46","4,356.46","4,314.37","4,343.54","4,343.54","4,309,570,000"
2-Jul-21,"4,326.60","4,355.43","4,326.60","4,352.34","4,352.34","3,225,840,000"
1-Jul-21,"4,300.73","4,320.66","4,300.73","4,319.94","4,319.94","3,788,230,000"
30-Jun-21,"4,290.65","4,302.43","4,287.96","4,297.50","4,297.50","4,266,040,000"
29-Jun-21,"4,293.21","4,300.52","4,287.04","4,291.80","4,291.80","3,707,150,000"
28-Jun-21,"4,284.90","4,292.14","4,274.67","4,290.61","4,290.61","4,147,890,000"
25-Jun-21,"4,274.45","4,286.12","4,271.16","4,280.70","4,280.70","7,341,450,000"
24-Jun-21,"4,256.97","4,271.28","4,256.97","4,266.49","4,266.49","3,816,660,000"
23-Jun-21,"4,249.27","4,256.60","4,241.43","4,241.84","4,241.84","3,730,350,000"
22-Jun-21,"4,224.61","4,255.84","4,217.27","4,246.44","4,246.44","3,828,390,000"
21-Jun-21,"4,173.40","4,226.24","4,173.40","4,224.79","4,224.79","4,128,950,000"
18-Jun-21,"4,204.78","4,204.78","4,164.40","4,166.45","4,166.45","6,817,010,000"
17-Jun-21,"4,220.37","4,232.29","4,196.05","4,221.86","4,221.86","5,312,680,000"
16-Jun-21,"4,248.87","4,251.89","4,202.45","4,223.70","4,223.70","4,538,350,000"
15-Jun-21,"4,255.28","4,257.16","4,238.35","4,246.59","4,246.59","4,048,940,000"
14-Jun-21,"4,248.31","4,255.59","4,234.07","4,255.15","4,255.15","4,151,200,000"
11-Jun-21,"4,242.90","4,248.38","4,232.25","4,247.44","4,247.44","3,815,010,000"
10-Jun-21,"4,228.56","4,249.74","4,220.34","4,239.18","4,239.18","4,408,210,000"
9-Jun-21,"4,232.99","4,237.09","4,218.74","4,219.55","4,219.55","4,713,260,000"
8-Jun-21,"4,233.81","4,236.74","4,208.41","4,227.26","4,227.26","4,659,620,000"
7-Jun-21,"4,229.34","4,232.34","4,215.66","4,226.52","4,226.52","4,476,920,000"
4-Jun-21,"4,206.05","4,233.45","4,206.05","4,229.89","4,229.89","4,139,790,000"
3-Jun-21,"4,191.43","4,204.39","4,167.93","4,192.85","4,192.85","5,587,970,000"
2-Jun-21,"4,206.82","4,217.37","4,198.27","4,208.12","4,208.12","5,833,670,000"
1-Jun-21,"4,216.52","4,234.12","4,197.59","4,202.04","4,202.04","5,074,670,000"
28-May-21,"4,210.77","4,218.36","4,203.57","4,204.11","4,204.11","4,649,250,000"
27-May-21,"4,201.94","4,213.38","4,197.78","4,200.88","4,200.88","6,406,310,000"
26-May-21,"4,191.59","4,202.61","4,184.11","4,195.99","4,195.99","4,420,890,000"
25-May-21,"4,205.94","4,213.42","4,182.52","4,188.13","4,188.13","4,182,250,000"
24-May-21,"4,170.16","4,209.52","4,170.16","4,197.05","4,197.05","3,684,800,000"
21-May-21,"4,168.61","4,188.72","4,151.72","4,155.86","4,155.86","3,995,250,000"
20-May-21,"4,121.97","4,172.80","4,121.97","4,159.12","4,159.12","3,978,880,000"
19-May-21,"4,098.45","4,116.93","4,061.41","4,115.68","4,115.68","4,247,450,000"
18-May-21,"4,165.94","4,169.15","4,125.99","4,127.83","4,127.83","4,398,150,000"
17-May-21,"4,169.92","4,171.92","4,142.69","4,163.29","4,163.29","4,125,050,000"
14-May-21,"4,129.58","4,183.13","4,129.58","4,173.85","4,173.85","4,008,880,000"
13-May-21,"4,074.99","4,131.58","4,074.99","4,112.50","4,112.50","4,779,540,000"
12-May-21,"4,130.55","4,134.73","4,056.88","4,063.04","4,063.04","4,733,070,000"
11-May-21,"4,150.34","4,162.04","4,111.53","4,152.10","4,152.10","4,870,710,000"
10-May-21,"4,228.29","4,236.39","4,188.13","4,188.43","4,188.43","4,560,700,000"
7-May-21,"4,210.34","4,238.04","4,201.64","4,232.60","4,232.60","4,016,080,000"
6-May-21,"4,169.14","4,202.70","4,147.33","4,201.62","4,201.62","4,511,000,000"
5-May-21,"4,177.06","4,187.72","4,160.94","4,167.59","4,167.59","4,230,920,000"
4-May-21,"4,179.04","4,179.04","4,128.59","4,164.66","4,164.66","4,452,460,000"
3-May-21,"4,191.98","4,209.39","4,188.03","4,192.66","4,192.66","4,070,220,000"
30-Apr-21,"4,198.10","4,198.10","4,174.85","4,181.17","4,181.17","4,300,880,000"
29-Apr-21,"4,206.14","4,218.78","4,176.81","4,211.47","4,211.47","4,298,680,000"
28-Apr-21,"4,185.14","4,201.53","4,181.78","4,183.18","4,183.18","3,787,360,000"
27-Apr-21,"4,188.25","4,193.35","4,176.22","4,186.72","4,186.72","3,710,700,000"
26-Apr-21,"4,185.03","4,194.19","4,182.36","4,187.62","4,187.62","3,748,320,000"
23-Apr-21,"4,138.78","4,194.17","4,138.78","4,180.17","4,180.17","3,569,880,000"
22-Apr-21,"4,170.46","4,179.57","4,123.69","4,134.98","4,134.98","4,245,140,000"
21-Apr-21,"4,128.42","4,175.02","4,126.35","4,173.42","4,173.42","3,887,250,000"
20-Apr-21,"4,159.18","4,159.18","4,118.38","4,134.94","4,134.94","4,342,650,000"
19-Apr-21,"4,179.80","4,180.81","4,150.47","4,163.26","4,163.26","3,810,290,000"
16-Apr-21,"4,174.14","4,191.31","4,170.75","4,185.47","4,185.47","4,163,820,000"
15-Apr-21,"4,139.76","4,173.49","4,139.76","4,170.42","4,170.42","4,033,420,000"
14-Apr-21,"4,141.58","4,151.69","4,120.87","4,124.66","4,124.66","3,985,350,000"
13-Apr-21,"4,130.10","4,148.00","4,124.43","4,141.59","4,141.59","3,734,720,000"
12-Apr-21,"4,124.71","4,131.76","4,114.82","4,127.99","4,127.99","3,588,900,000"
9-Apr-21,"4,096.11","4,129.48","4,095.51","4,128.80","4,128.80","3,640,390,000"
8-Apr-21,"4,089.95","4,098.19","4,082.54","4,097.17","4,097.17","3,907,100,000"
7-Apr-21,"4,074.29","4,083.13","4,068.31","4,079.95","4,079.95","4,120,810,000"
6-Apr-21,"4,075.57","4,086.23","4,068.14","4,073.94","4,073.94","4,081,270,000"
5-Apr-21,"4,034.44","4,083.42","4,034.44","4,077.91","4,077.91","4,005,030,000"
1-Apr-21,"3,992.78","4,020.63","3,992.78","4,019.87","4,019.87","4,162,130,000"
31-Mar-21,"3,967.25","3,994.41","3,966.98","3,972.89","3,972.89","4,578,050,000"
30-Mar-21,"3,963.34","3,968.01","3,944.35","3,958.55","3,958.55","4,121,510,000"
29-Mar-21,"3,969.31","3,981.83","3,943.25","3,971.09","3,971.09","4,628,180,000"
26-Mar-21,"3,917.12","3,978.19","3,917.12","3,974.54","3,974.54","5,483,160,000"
25-Mar-21,"3,879.34","3,919.54","3,853.50","3,909.52","3,909.52","4,948,340,000"
24-Mar-21,"3,919.93","3,942.08","3,889.07","3,889.14","3,889.14","4,783,020,000"
23-Mar-21,"3,937.60","3,949.13","3,901.57","3,910.52","3,910.52","4,669,010,000"
22-Mar-21,"3,916.48","3,955.31","3,914.16","3,940.59","3,940.59","4,316,260,000"
19-Mar-21,"3,913.14","3,930.12","3,886.75","3,913.10","3,913.10","7,757,420,000"
18-Mar-21,"3,953.50","3,969.62","3,910.86","3,915.46","3,915.46","5,118,590,000"
17-Mar-21,"3,949.57","3,983.87","3,935.74","3,974.12","3,974.12","4,561,660,000"
16-Mar-21,"3,973.59","3,981.04","3,953.44","3,962.71","3,962.71","4,613,080,000"
15-Mar-21,"3,942.96","3,970.08","3,923.54","3,968.94","3,968.94","4,900,100,000"
12-Mar-21,"3,924.52","3,944.99","3,915.21","3,943.34","3,943.34","4,476,280,000"
11-Mar-21,"3,915.54","3,960.27","3,915.54","3,939.34","3,939.34","5,312,880,000"
10-Mar-21,"3,891.99","3,917.35","3,885.73","3,898.81","3,898.81","5,847,380,000"
9-Mar-21,"3,851.93","3,903.76","3,851.93","3,875.44","3,875.44","5,513,560,000"
8-Mar-21,"3,844.39","3,881.06","3,819.25","3,821.35","3,821.35","5,871,710,000"
5-Mar-21,"3,793.58","3,851.69","3,730.19","3,841.94","3,841.94","6,851,070,000"
4-Mar-21,"3,818.53","3,843.67","3,723.34","3,768.47","3,768.47","7,195,400,000"
3-Mar-21,"3,863.99","3,874.47","3,818.86","3,819.72","3,819.72","6,173,660,000"
2-Mar-21,"3,903.64","3,906.41","3,868.57","3,870.29","3,870.29","5,536,010,000"
1-Mar-21,"3,842.51","3,914.50","3,842.51","3,901.82","3,901.82","5,114,820,000"
26-Feb-21,"3,839.66","3,861.08","3,789.54","3,811.15","3,811.15","6,526,070,000"
25-Feb-21,"3,915.80","3,925.02","3,814.04","3,829.34","3,829.34","6,547,470,000"
24-Feb-21,"3,873.71","3,928.65","3,859.60","3,925.43","3,925.43","6,012,790,000"
23-Feb-21,"3,857.07","3,895.98","3,805.59","3,881.37","3,881.37","6,296,610,000"
22-Feb-21,"3,885.55","3,902.92","3,874.71","3,876.50","3,876.50","5,917,100,000"
19-Feb-21,"3,921.16","3,930.41","3,903.07","3,906.71","3,906.71","4,845,320,000"
18-Feb-21,"3,915.86","3,921.98","3,885.03","3,913.97","3,913.97","4,793,650,000"
17-Feb-21,"3,918.50","3,933.61","3,900.43","3,931.33","3,931.33","4,730,650,000"
16-Feb-21,"3,939.61","3,950.43","3,923.85","3,932.59","3,932.59","5,058,990,000"
12-Feb-21,"3,911.65","3,937.23","3,905.78","3,934.83","3,934.83","4,135,060,000"
11-Feb-21,"3,916.40","3,925.99","3,890.39","3,916.38","3,916.38","4,590,960,000"
10-Feb-21,"3,920.78","3,931.50","3,884.94","3,909.88","3,909.88","4,837,070,000"
9-Feb-21,"3,910.49","3,918.35","3,902.64","3,911.23","3,911.23","4,568,320,000"
8-Feb-21,"3,892.59","3,915.77","3,892.59","3,915.59","3,915.59","4,648,360,000"
5-Feb-21,"3,878.30","3,894.56","3,874.93","3,886.83","3,886.83","4,879,470,000"
4-Feb-21,"3,836.66","3,872.42","3,836.66","3,871.74","3,871.74","4,879,240,000"
3-Feb-21,"3,840.27","3,847.51","3,816.68","3,830.17","3,830.17","4,864,870,000"
2-Feb-21,"3,791.84","3,843.09","3,791.84","3,826.31","3,826.31","5,514,090,000"
1-Feb-21,"3,731.17","3,784.32","3,725.62","3,773.86","3,773.86","5,436,230,000"
29-Jan-21,"3,778.05","3,778.05","3,694.12","3,714.24","3,714.24","6,643,370,000"
28-Jan-21,"3,755.75","3,830.50","3,755.75","3,787.38","3,787.38","6,992,770,000"
27-Jan-21,"3,836.83","3,836.83","3,732.48","3,750.77","3,750.77","9,976,520,000"
26-Jan-21,"3,862.96","3,870.90","3,847.78","3,849.62","3,849.62","6,137,500,000"
25-Jan-21,"3,851.68","3,859.23","3,797.16","3,855.36","3,855.36","7,000,840,000"
22-Jan-21,"3,844.24","3,852.31","3,830.41","3,841.47","3,841.47","5,110,890,000"
21-Jan-21,"3,857.46","3,861.45","3,845.05","3,853.07","3,853.07","4,501,760,000"
20-Jan-21,"3,816.22","3,859.75","3,816.22","3,851.85","3,851.85","4,566,190,000"
19-Jan-21,"3,781.88","3,804.53","3,780.37","3,798.91","3,798.91","5,014,440,000"
15-Jan-21,"3,788.73","3,788.73","3,749.62","3,768.25","3,768.25","5,369,820,000"
14-Jan-21,"3,814.98","3,823.60","3,792.86","3,795.54","3,795.54","5,198,480,000"
13-Jan-21,"3,802.23","3,820.96","3,791.50","3,809.84","3,809.84","4,602,510,000"
12-Jan-21,"3,801.62","3,810.78","3,776.51","3,801.19","3,801.19","4,994,950,000"
11-Jan-21,"3,803.14","3,817.86","3,789.02","3,799.61","3,799.61","4,465,430,000"
8-Jan-21,"3,815.05","3,826.69","3,783.60","3,824.68","3,824.68","4,773,040,000"
7-Jan-21,"3,764.71","3,811.55","3,764.71","3,803.79","3,803.79","5,099,160,000"
6-Jan-21,"3,712.20","3,783.04","3,705.34","3,748.14","3,748.14","6,064,110,000"
5-Jan-21,"3,698.02","3,737.83","3,695.07","3,726.86","3,726.86","4,591,020,000"
4-Jan-21,"3,764.61","3,769.99","3,662.71","3,700.65","3,700.65","5,015,000,000"
31-Dec-20,"3,733.27","3,760.20","3,726.88","3,756.07","3,756.07","3,179,040,000"
30-Dec-20,"3,736.19","3,744.63","3,730.21","3,732.04","3,732.04","3,154,850,000"
29-Dec-20,"3,750.01","3,756.12","3,723.31","3,727.04","3,727.04","3,393,290,000"
28-Dec-20,"3,723.03","3,740.51","3,723.03","3,735.36","3,735.36","3,535,460,000"
24-Dec-20,"3,694.03","3,703.82","3,689.32","3,703.06","3,703.06","1,883,780,000"
23-Dec-20,"3,693.42","3,711.24","3,689.28","3,690.01","3,690.01","3,779,160,000"
22-Dec-20,"3,698.08","3,698.26","3,676.16","3,687.26","3,687.26","4,053,310,000"
21-Dec-20,"3,684.28","3,702.90","3,636.48","3,694.92","3,694.92","4,748,580,000"
18-Dec-20,"3,722.39","3,726.70","3,685.84","3,709.41","3,709.41","7,097,100,000"
17-Dec-20,"3,713.65","3,725.12","3,710.87","3,722.48","3,722.48","4,192,810,000"
16-Dec-20,"3,696.25","3,711.27","3,688.57","3,701.17","3,701.17","4,067,040,000"
15-Dec-20,"3,666.41","3,695.29","3,659.62","3,694.62","3,694.62","4,387,080,000"
14-Dec-20,"3,675.27","3,697.61","3,645.84","3,647.49","3,647.49","4,623,850,000"
11-Dec-20,"3,656.08","3,665.91","3,633.40","3,663.46","3,663.46","4,375,470,000"
10-Dec-20,"3,659.13","3,678.49","3,645.18","3,668.10","3,668.10","4,658,480,000"
9-Dec-20,"3,705.98","3,712.39","3,660.54","3,672.82","3,672.82","5,232,800,000"
8-Dec-20,"3,683.05","3,708.45","3,678.83","3,702.25","3,702.25","4,584,390,000"
7-Dec-20,"3,694.73","3,697.41","3,678.88","3,691.96","3,691.96","4,804,500,000"
4-Dec-20,"3,670.94","3,699.20","3,670.94","3,699.12","3,699.12","5,099,620,000"
3-Dec-20,"3,668.28","3,682.73","3,657.17","3,666.72","3,666.72","5,065,340,000"
2-Dec-20,"3,653.78","3,670.96","3,644.84","3,669.01","3,669.01","5,041,250,000"
1-Dec-20,"3,645.87","3,678.45","3,645.87","3,662.45","3,662.45","5,418,480,000"
30-Nov-20,"3,634.18","3,634.18","3,594.39","3,621.63","3,621.63","6,308,410,000"
27-Nov-20,"3,638.55","3,644.31","3,629.33","3,638.35","3,638.35","2,778,390,000"
25-Nov-20,"3,635.50","3,635.50","3,617.76","3,629.65","3,629.65","4,910,440,000"
24-Nov-20,"3,594.52","3,642.31","3,594.52","3,635.41","3,635.41","6,280,290,000"
23-Nov-20,"3,566.82","3,589.81","3,552.77","3,577.59","3,577.59","5,057,550,000"
20-Nov-20,"3,579.31","3,581.23","3,556.85","3,557.54","3,557.54","4,236,370,000"
19-Nov-20,"3,559.41","3,585.22","3,543.84","3,581.87","3,581.87","4,363,370,000"
18-Nov-20,"3,612.09","3,619.09","3,567.33","3,567.79","3,567.79","5,284,810,000"
17-Nov-20,"3,610.31","3,623.11","3,588.68","3,609.53","3,609.53","4,812,180,000"
16-Nov-20,"3,600.16","3,628.51","3,600.16","3,626.91","3,626.91","5,295,510,000"
13-Nov-20,"3,552.57","3,593.66","3,552.57","3,585.15","3,585.15","4,719,580,000"
12-Nov-20,"3,562.67","3,569.02","3,518.58","3,537.01","3,537.01","4,909,660,000"
11-Nov-20,"3,563.22","3,581.16","3,557.00","3,572.66","3,572.66","4,635,560,000"
10-Nov-20,"3,543.26","3,557.22","3,511.91","3,545.53","3,545.53","6,037,470,000"
9-Nov-20,"3,583.04","3,645.99","3,547.48","3,550.50","3,550.50","8,570,510,000"
6-Nov-20,"3,508.34","3,521.58","3,484.34","3,509.44","3,509.44","4,842,460,000"
5-Nov-20,"3,485.74","3,529.05","3,485.74","3,510.45","3,510.45","4,858,150,000"
4-Nov-20,"3,406.46","3,486.25","3,405.17","3,443.44","3,443.44","4,790,400,000"
3-Nov-20,"3,336.25","3,389.49","3,336.25","3,369.16","3,369.16","4,241,380,000"
2-Nov-20,"3,296.20","3,330.14","3,279.74","3,310.24","3,310.24","4,314,690,000"
30-Oct-20,"3,293.59","3,304.93","3,233.94","3,269.96","3,269.96","4,843,930,000"
29-Oct-20,"3,277.17","3,341.05","3,259.82","3,310.11","3,310.11","4,911,860,000"
28-Oct-20,"3,342.48","3,342.48","3,268.89","3,271.03","3,271.03","5,139,970,000"
27-Oct-20,"3,403.15","3,409.51","3,388.71","3,390.68","3,390.68","3,962,400,000"
26-Oct-20,"3,441.42","3,441.42","3,364.86","3,400.97","3,400.97","4,002,210,000"
23-Oct-20,"3,464.90","3,466.46","3,440.45","3,465.39","3,465.39","3,651,600,000"
22-Oct-20,"3,438.50","3,460.53","3,415.34","3,453.49","3,453.49","4,172,060,000"
21-Oct-20,"3,439.91","3,464.86","3,433.06","3,435.56","3,435.56","4,103,960,000"
20-Oct-20,"3,439.38","3,476.93","3,435.65","3,443.12","3,443.12","3,917,850,000"
19-Oct-20,"3,493.66","3,502.42","3,419.93","3,426.92","3,426.92","4,091,080,000"
16-Oct-20,"3,493.50","3,515.76","3,480.45","3,483.81","3,483.81","4,688,030,000"
15-Oct-20,"3,453.72","3,489.08","3,440.89","3,483.34","3,483.34","3,724,550,000"
14-Oct-20,"3,515.47","3,527.94","3,480.55","3,488.67","3,488.67","3,858,510,000"
13-Oct-20,"3,534.01","3,534.01","3,500.86","3,511.93","3,511.93","3,611,100,000"
12-Oct-20,"3,500.02","3,549.85","3,499.61","3,534.22","3,534.22","3,435,760,000"
9-Oct-20,"3,459.67","3,482.34","3,458.07","3,477.14","3,477.14","3,944,090,000"
8-Oct-20,"3,434.28","3,447.28","3,428.15","3,446.83","3,446.83","3,867,640,000"
7-Oct-20,"3,384.56","3,426.26","3,384.56","3,419.44","3,419.44","3,814,750,000"
6-Oct-20,"3,408.74","3,431.56","3,354.54","3,360.97","3,360.97","4,453,390,000"
5-Oct-20,"3,367.27","3,409.57","3,367.27","3,408.60","3,408.60","3,692,720,000"
2-Oct-20,"3,338.94","3,369.10","3,323.69","3,348.42","3,348.42","3,975,180,000"
1-Oct-20,"3,385.87","3,397.18","3,361.39","3,380.80","3,380.80","4,076,340,000"
30-Sep-20,"3,341.21","3,393.56","3,340.47","3,363.00","3,363.00","4,738,640,000"
29-Sep-20,"3,350.92","3,357.92","3,327.54","3,335.47","3,335.47","3,661,590,000"
28-Sep-20,"3,333.90","3,360.74","3,332.91","3,351.60","3,351.60","3,950,910,000"
25-Sep-20,"3,236.66","3,306.88","3,228.44","3,298.46","3,298.46","3,803,330,000"
24-Sep-20,"3,226.14","3,278.70","3,209.45","3,246.59","3,246.59","4,601,920,000"
23-Sep-20,"3,320.11","3,323.35","3,232.57","3,236.92","3,236.92","4,378,650,000"
22-Sep-20,"3,295.75","3,320.31","3,270.95","3,315.57","3,315.57","3,974,510,000"
21-Sep-20,"3,285.57","3,285.57","3,229.10","3,281.06","3,281.06","4,836,070,000"
18-Sep-20,"3,357.38","3,362.27","3,292.40","3,319.47","3,319.47","7,076,400,000"
17-Sep-20,"3,346.86","3,375.17","3,328.82","3,357.01","3,357.01","4,379,840,000"
16-Sep-20,"3,411.23","3,428.92","3,384.45","3,385.49","3,385.49","4,718,900,000"
15-Sep-20,"3,407.73","3,419.48","3,389.25","3,401.20","3,401.20","4,057,190,000"
14-Sep-20,"3,363.56","3,402.93","3,363.56","3,383.54","3,383.54","3,839,580,000"
11-Sep-20,"3,352.70","3,368.95","3,310.47","3,340.97","3,340.97","3,710,090,000"
10-Sep-20,"3,412.56","3,425.55","3,329.25","3,339.19","3,339.19","4,208,630,000"
9-Sep-20,"3,369.82","3,424.77","3,366.84","3,398.96","3,398.96","3,932,520,000"
8-Sep-20,"3,371.88","3,379.97","3,329.27","3,331.84","3,331.84","4,694,330,000"
4-Sep-20,"3,453.60","3,479.15","3,349.63","3,426.96","3,426.96","4,438,720,000"
3-Sep-20,"3,564.74","3,564.85","3,427.41","3,455.06","3,455.06","4,911,830,000"
2-Sep-20,"3,543.76","3,588.11","3,535.23","3,580.84","3,580.84","4,295,640,000"
1-Sep-20,"3,507.44","3,528.03","3,494.60","3,526.65","3,526.65","4,101,490,000"
31-Aug-20,"3,509.73","3,514.77","3,493.25","3,500.31","3,500.31","4,348,280,000"
28-Aug-20,"3,494.69","3,509.23","3,484.32","3,508.01","3,508.01","3,868,510,000"
27-Aug-20,"3,485.14","3,501.38","3,468.35","3,484.55","3,484.55","3,955,890,000"
26-Aug-20,"3,449.97","3,481.07","3,444.15","3,478.73","3,478.73","3,780,530,000"
25-Aug-20,"3,435.95","3,444.21","3,425.84","3,443.62","3,443.62","3,627,650,000"
24-Aug-20,"3,418.09","3,432.09","3,413.13","3,431.28","3,431.28","3,743,410,000"
21-Aug-20,"3,386.01","3,399.96","3,379.31","3,397.16","3,397.16","3,505,010,000"
20-Aug-20,"3,360.48","3,390.80","3,354.69","3,385.51","3,385.51","3,431,040,000"
19-Aug-20,"3,392.51","3,399.54","3,369.66","3,374.85","3,374.85","3,679,480,000"
18-Aug-20,"3,387.04","3,395.06","3,370.15","3,389.78","3,389.78","3,669,550,000"
17-Aug-20,"3,380.86","3,387.59","3,379.22","3,381.99","3,381.99","3,460,330,000"
14-Aug-20,"3,368.66","3,378.51","3,361.64","3,372.85","3,372.85","3,200,060,000"
13-Aug-20,"3,372.95","3,387.24","3,363.35","3,373.43","3,373.43","3,438,730,000"
12-Aug-20,"3,355.46","3,387.89","3,355.46","3,380.35","3,380.35","3,772,250,000"
11-Aug-20,"3,370.34","3,381.01","3,326.44","3,333.69","3,333.69","4,880,540,000"
10-Aug-20,"3,356.04","3,363.29","3,335.44","3,360.47","3,360.47","4,327,920,000"
7-Aug-20,"3,340.05","3,352.54","3,328.72","3,351.28","3,351.28","4,110,030,000"
6-Aug-20,"3,323.17","3,351.03","3,318.14","3,349.16","3,349.16","4,278,930,000"
5-Aug-20,"3,317.37","3,330.77","3,317.37","3,327.77","3,327.77","4,535,060,000"
4-Aug-20,"3,289.92","3,306.84","3,286.37","3,306.51","3,306.51","4,414,380,000"
3-Aug-20,"3,288.26","3,302.73","3,284.53","3,294.61","3,294.61","4,438,940,000"
31-Jul-20,"3,270.45","3,272.17","3,220.26","3,271.12","3,271.12","5,007,530,000"
30-Jul-20,"3,231.76","3,250.92","3,204.13","3,246.22","3,246.22","4,264,920,000"
29-Jul-20,"3,227.22","3,264.74","3,227.22","3,258.44","3,258.44","4,478,200,000"
28-Jul-20,"3,234.27","3,243.72","3,216.17","3,218.44","3,218.44","4,053,180,000"
27-Jul-20,"3,219.84","3,241.43","3,214.25","3,239.41","3,239.41","3,970,310,000"
24-Jul-20,"3,218.58","3,227.26","3,200.05","3,215.63","3,215.63","3,689,410,000"
23-Jul-20,"3,271.64","3,279.99","3,222.66","3,235.66","3,235.66","4,296,760,000"
22-Jul-20,"3,254.86","3,279.32","3,253.10","3,276.02","3,276.02","4,267,160,000"
21-Jul-20,"3,268.52","3,277.29","3,247.77","3,257.30","3,257.30","4,556,610,000"
20-Jul-20,"3,224.29","3,258.61","3,215.16","3,251.84","3,251.84","3,979,340,000"
17-Jul-20,"3,224.21","3,233.52","3,205.65","3,224.73","3,224.73","4,012,850,000"
16-Jul-20,"3,208.36","3,220.39","3,198.59","3,215.57","3,215.57","3,972,860,000"
15-Jul-20,"3,225.98","3,238.28","3,200.76","3,226.56","3,226.56","4,686,830,000"
14-Jul-20,"3,141.11","3,200.95","3,127.66","3,197.52","3,197.52","4,507,140,000"
13-Jul-20,"3,205.08","3,235.32","3,149.43","3,155.22","3,155.22","4,902,440,000"
10-Jul-20,"3,152.47","3,186.82","3,136.22","3,185.04","3,185.04","4,524,190,000"
9-Jul-20,"3,176.17","3,179.78","3,115.70","3,152.05","3,152.05","4,843,650,000"
8-Jul-20,"3,153.07","3,171.80","3,136.53","3,169.94","3,169.94","4,937,310,000"
7-Jul-20,"3,166.44","3,184.15","3,142.93","3,145.32","3,145.32","4,571,330,000"
6-Jul-20,"3,155.29","3,182.59","3,155.29","3,179.72","3,179.72","4,759,160,000"
2-Jul-20,"3,143.64","3,165.81","3,124.52","3,130.01","3,130.01","4,197,720,000"
1-Jul-20,"3,105.92","3,128.44","3,101.17","3,115.86","3,115.86","4,449,230,000"
30-Jun-20,"3,050.20","3,111.51","3,047.83","3,100.29","3,100.29","4,705,850,000"
29-Jun-20,"3,018.59","3,053.89","2,999.74","3,053.24","3,053.24","4,473,970,000"
26-Jun-20,"3,073.20","3,073.73","3,004.63","3,009.05","3,009.05","8,107,850,000"
25-Jun-20,"3,046.60","3,086.25","3,024.01","3,083.76","3,083.76","4,847,690,000"
24-Jun-20,"3,114.40","3,115.01","3,032.13","3,050.33","3,050.33","5,597,680,000"
23-Jun-20,"3,138.70","3,154.90","3,127.12","3,131.29","3,131.29","4,711,850,000"
22-Jun-20,"3,094.42","3,120.92","3,079.39","3,117.86","3,117.86","4,686,690,000"
19-Jun-20,"3,140.29","3,155.53","3,083.11","3,097.74","3,097.74","8,346,650,000"
18-Jun-20,"3,101.64","3,120.00","3,093.51","3,115.34","3,115.34","4,448,690,000"
17-Jun-20,"3,136.13","3,141.16","3,108.03","3,113.49","3,113.49","4,560,450,000"
16-Jun-20,"3,131.00","3,153.45","3,076.06","3,124.74","3,124.74","5,845,810,000"
15-Jun-20,"2,993.76","3,079.76","2,965.66","3,066.59","3,066.59","5,757,480,000"
12-Jun-20,"3,071.04","3,088.42","2,984.47","3,041.31","3,041.31","5,845,330,000"
11-Jun-20,"3,123.53","3,123.53","2,999.49","3,002.10","3,002.10","7,037,320,000"
10-Jun-20,"3,213.42","3,223.27","3,181.49","3,190.14","3,190.14","6,598,870,000"
9-Jun-20,"3,213.32","3,222.71","3,193.11","3,207.18","3,207.18","6,410,930,000"
8-Jun-20,"3,199.92","3,233.13","3,196.00","3,232.39","3,232.39","8,498,300,000"
5-Jun-20,"3,163.84","3,211.72","3,163.84","3,193.93","3,193.93","8,639,300,000"
4-Jun-20,"3,111.56","3,128.91","3,090.41","3,112.35","3,112.35","6,451,290,000"
3-Jun-20,"3,098.90","3,130.94","3,098.90","3,122.87","3,122.87","6,005,560,000"
2-Jun-20,"3,064.78","3,081.07","3,051.64","3,080.82","3,080.82","5,197,150,000"
1-Jun-20,"3,038.78","3,062.18","3,031.54","3,055.73","3,055.73","4,684,170,000"
29-May-20,"3,025.17","3,049.17","2,998.61","3,044.31","3,044.31","7,297,550,000"
28-May-20,"3,046.61","3,068.67","3,023.40","3,029.73","3,029.73","5,447,020,000"
27-May-20,"3,015.65","3,036.25","2,969.75","3,036.13","3,036.13","6,398,000,000"
26-May-20,"3,004.08","3,021.72","2,988.17","2,991.77","2,991.77","5,848,500,000"
22-May-20,"2,948.05","2,956.76","2,933.59","2,955.45","2,955.45","3,970,860,000"
21-May-20,"2,969.95","2,978.50","2,938.57","2,948.51","2,948.51","4,976,620,000"
20-May-20,"2,953.63","2,980.29","2,953.63","2,971.61","2,971.61","5,005,380,000"
19-May-20,"2,948.59","2,964.21","2,922.35","2,922.94","2,922.94","4,984,330,000"
18-May-20,"2,913.86","2,968.09","2,913.86","2,953.91","2,953.91","6,373,670,000"
15-May-20,"2,829.95","2,865.01","2,816.78","2,863.70","2,863.70","5,507,700,000"
14-May-20,"2,794.54","2,852.80","2,766.64","2,852.50","2,852.50","5,651,130,000"
13-May-20,"2,865.86","2,874.14","2,793.15","2,820.00","2,820.00","6,151,650,000"
12-May-20,"2,939.50","2,945.82","2,869.59","2,870.12","2,870.12","5,119,630,000"
11-May-20,"2,915.46","2,944.25","2,903.44","2,930.19","2,930.19","4,819,730,000"
8-May-20,"2,908.83","2,932.16","2,902.88","2,929.80","2,929.80","4,876,030,000"
7-May-20,"2,878.26","2,901.92","2,876.48","2,881.19","2,881.19","5,178,790,000"
6-May-20,"2,883.14","2,891.11","2,847.65","2,848.42","2,848.42","4,892,570,000"
5-May-20,"2,868.88","2,898.23","2,863.55","2,868.44","2,868.44","5,140,290,000"
4-May-20,"2,815.01","2,844.24","2,797.85","2,842.74","2,842.74","4,735,930,000"
1-May-20,"2,869.09","2,869.09","2,821.61","2,830.71","2,830.71","4,759,810,000"
30-Apr-20,"2,930.91","2,930.91","2,892.47","2,912.43","2,912.43","6,544,980,000"
29-Apr-20,"2,918.46","2,954.86","2,912.16","2,939.51","2,939.51","6,645,640,000"
28-Apr-20,"2,909.96","2,921.15","2,860.71","2,863.39","2,863.39","5,691,160,000"
27-Apr-20,"2,854.65","2,887.72","2,852.89","2,878.48","2,878.48","5,203,930,000"
24-Apr-20,"2,812.64","2,842.71","2,791.76","2,836.74","2,836.74","5,382,810,000"
23-Apr-20,"2,810.42","2,844.90","2,794.26","2,797.80","2,797.80","5,773,530,000"
22-Apr-20,"2,787.89","2,815.10","2,775.95","2,799.31","2,799.31","5,084,920,000"
21-Apr-20,"2,784.81","2,785.54","2,727.10","2,736.56","2,736.56","5,121,010,000"
20-Apr-20,"2,845.62","2,868.98","2,820.43","2,823.16","2,823.16","5,228,630,000"
17-Apr-20,"2,842.43","2,879.22","2,830.88","2,874.56","2,874.56","5,804,810,000"
16-Apr-20,"2,799.34","2,806.51","2,764.32","2,799.55","2,799.55","5,228,810,000"
15-Apr-20,"2,795.64","2,801.88","2,761.54","2,783.36","2,783.36","5,208,000,000"
14-Apr-20,"2,805.10","2,851.85","2,805.10","2,846.06","2,846.06","5,615,730,000"
13-Apr-20,"2,782.46","2,782.46","2,721.17","2,761.63","2,761.63","5,319,530,000"
9-Apr-20,"2,776.99","2,818.57","2,762.36","2,789.82","2,789.82","7,899,550,000"
8-Apr-20,"2,685.00","2,760.75","2,663.30","2,749.98","2,749.98","5,875,710,000"
7-Apr-20,"2,738.65","2,756.89","2,657.67","2,659.41","2,659.41","7,050,410,000"
6-Apr-20,"2,578.28","2,676.85","2,574.57","2,663.68","2,663.68","6,403,840,000"
3-Apr-20,"2,514.92","2,538.18","2,459.96","2,488.65","2,488.65","6,096,970,000"
2-Apr-20,"2,458.54","2,533.22","2,455.79","2,526.90","2,526.90","6,464,190,000"
1-Apr-20,"2,498.08","2,522.75","2,447.49","2,470.50","2,470.50","5,964,000,000"
31-Mar-20,"2,614.69","2,641.39","2,571.15","2,584.59","2,584.59","6,576,210,000"
30-Mar-20,"2,558.98","2,631.80","2,545.28","2,626.65","2,626.65","5,751,120,000"
27-Mar-20,"2,555.87","2,615.91","2,520.02","2,541.47","2,541.47","6,201,670,000"
26-Mar-20,"2,501.29","2,637.01","2,500.72","2,630.07","2,630.07","7,766,990,000"
25-Mar-20,"2,457.77","2,571.42","2,407.53","2,475.56","2,475.56","8,300,010,000"
24-Mar-20,"2,344.44","2,449.71","2,344.44","2,447.33","2,447.33","7,563,150,000"
23-Mar-20,"2,290.71","2,300.73","2,191.86","2,237.40","2,237.40","7,411,380,000"
20-Mar-20,"2,431.94","2,453.01","2,295.56","2,304.92","2,304.92","9,053,950,000"
19-Mar-20,"2,393.48","2,466.97","2,319.78","2,409.39","2,409.39","7,956,100,000"
18-Mar-20,"2,436.50","2,453.57","2,280.52","2,398.10","2,398.10","8,799,300,000"
17-Mar-20,"2,425.66","2,553.93","2,367.04","2,529.19","2,529.19","8,370,250,000"
16-Mar-20,"2,508.59","2,562.98","2,380.94","2,386.13","2,386.13","7,805,450,000"
13-Mar-20,"2,569.99","2,711.33","2,492.37","2,711.02","2,711.02","8,299,070,000"
12-Mar-20,"2,630.86","2,660.95","2,478.86","2,480.64","2,480.64","8,850,810,000"
11-Mar-20,"2,825.60","2,825.60","2,707.22","2,741.38","2,741.38","7,431,200,000"
10-Mar-20,"2,813.48","2,882.59","2,734.00","2,882.23","2,882.23","7,642,040,000"
9-Mar-20,"2,863.89","2,863.89","2,734.43","2,746.56","2,746.56","8,441,290,000"
6-Mar-20,"2,954.20","2,985.93","2,901.54","2,972.37","2,972.37","6,555,240,000"
5-Mar-20,"3,075.70","3,083.04","2,999.83","3,023.94","3,023.94","5,579,290,000"
4-Mar-20,"3,045.75","3,130.97","3,034.38","3,130.12","3,130.12","5,073,020,000"
3-Mar-20,"3,096.46","3,136.72","2,976.63","3,003.37","3,003.37","6,376,510,000"
2-Mar-20,"2,974.28","3,090.96","2,945.19","3,090.23","3,090.23","6,381,330,000"
28-Feb-20,"2,916.90","2,959.72","2,855.84","2,954.22","2,954.22","8,569,570,000"
27-Feb-20,"3,062.54","3,097.07","2,977.39","2,978.76","2,978.76","7,064,710,000"
26-Feb-20,"3,139.90","3,182.51","3,108.99","3,116.39","3,116.39","5,484,650,000"
25-Feb-20,"3,238.94","3,246.99","3,118.77","3,128.21","3,128.21","5,596,760,000"
24-Feb-20,"3,257.61","3,259.81","3,214.65","3,225.89","3,225.89","4,851,160,000"
21-Feb-20,"3,360.50","3,360.76","3,328.45","3,337.75","3,337.75","3,908,780,000"
20-Feb-20,"3,380.45","3,389.15","3,341.02","3,373.23","3,373.23","4,019,180,000"
19-Feb-20,"3,380.39","3,393.52","3,378.83","3,386.15","3,386.15","3,614,200,000"
18-Feb-20,"3,369.04","3,375.01","3,355.61","3,370.29","3,370.29","3,750,400,000"
14-Feb-20,"3,378.08","3,380.69","3,366.15","3,380.16","3,380.16","3,419,700,000"
13-Feb-20,"3,365.90","3,385.09","3,360.52","3,373.94","3,373.94","3,500,890,000"
12-Feb-20,"3,370.50","3,381.47","3,369.72","3,379.45","3,379.45","3,930,910,000"
11-Feb-20,"3,365.87","3,375.63","3,352.72","3,357.75","3,357.75","3,762,940,000"
10-Feb-20,"3,318.28","3,352.26","3,317.77","3,352.09","3,352.09","3,462,730,000"
7-Feb-20,"3,335.54","3,341.42","3,322.12","3,327.71","3,327.71","3,733,920,000"
6-Feb-20,"3,344.92","3,347.96","3,334.39","3,345.78","3,345.78","3,887,250,000"
5-Feb-20,"3,324.91","3,337.58","3,313.75","3,334.69","3,334.69","4,121,480,000"
4-Feb-20,"3,280.61","3,306.92","3,280.61","3,297.59","3,297.59","3,996,900,000"
3-Feb-20,"3,235.66","3,268.44","3,235.66","3,248.92","3,248.92","3,760,460,000"
31-Jan-20,"3,282.33","3,282.33","3,214.68","3,225.52","3,225.52","4,529,700,000"
30-Jan-20,"3,256.45","3,285.91","3,242.80","3,283.66","3,283.66","3,790,350,000"
29-Jan-20,"3,289.46","3,293.47","3,271.89","3,273.40","3,273.40","3,600,250,000"
28-Jan-20,"3,255.35","3,285.78","3,253.22","3,276.24","3,276.24","3,531,570,000"
27-Jan-20,"3,247.16","3,258.85","3,234.50","3,243.63","3,243.63","3,831,050,000"
24-Jan-20,"3,333.10","3,333.18","3,281.53","3,295.47","3,295.47","3,708,780,000"
23-Jan-20,"3,315.77","3,326.88","3,301.87","3,325.54","3,325.54","3,766,710,000"
22-Jan-20,"3,330.02","3,337.77","3,320.04","3,321.75","3,321.75","3,623,780,000"
21-Jan-20,"3,321.03","3,329.79","3,316.61","3,320.79","3,320.79","4,104,840,000"
17-Jan-20,"3,323.66","3,329.88","3,318.86","3,329.62","3,329.62","3,726,220,000"
16-Jan-20,"3,302.97","3,317.11","3,302.82","3,316.81","3,316.81","3,540,580,000"
15-Jan-20,"3,282.27","3,298.66","3,280.69","3,289.29","3,289.29","3,721,490,000"
14-Jan-20,"3,285.35","3,294.25","3,277.19","3,283.15","3,283.15","3,687,620,000"
13-Jan-20,"3,271.13","3,288.13","3,268.43","3,288.13","3,288.13","3,459,390,000"
10-Jan-20,"3,281.81","3,282.99","3,260.86","3,265.35","3,265.35","3,214,580,000"
9-Jan-20,"3,266.03","3,275.58","3,263.67","3,274.70","3,274.70","3,641,230,000"
8-Jan-20,"3,238.59","3,267.07","3,236.67","3,253.05","3,253.05","3,726,840,000"
7-Jan-20,"3,241.86","3,244.91","3,232.43","3,237.18","3,237.18","3,435,910,000"
6-Jan-20,"3,217.55","3,246.84","3,214.64","3,246.28","3,246.28","3,702,460,000"
3-Jan-20,"3,226.36","3,246.15","3,222.34","3,234.85","3,234.85","3,484,700,000"
2-Jan-20,"3,244.67","3,258.14","3,235.53","3,257.85","3,257.85","3,459,930,000"
31-Dec-19,"3,215.18","3,231.72","3,212.03","3,230.78","3,230.78","2,894,760,000"
30-Dec-19,"3,240.09","3,240.92","3,216.57","3,221.29","3,221.29","3,021,720,000"
27-Dec-19,"3,247.23","3,247.93","3,234.37","3,240.02","3,240.02","2,429,150,000"
26-Dec-19,"3,227.20","3,240.08","3,227.20","3,239.91","3,239.91","2,164,540,000"
24-Dec-19,"3,225.45","3,226.43","3,220.51","3,223.38","3,223.38","1,296,530,000"
23-Dec-19,"3,226.05","3,227.78","3,222.30","3,224.01","3,224.01","3,064,530,000"
20-Dec-19,"3,223.33","3,225.65","3,216.03","3,221.22","3,221.22","6,457,480,000"
19-Dec-19,"3,192.32","3,205.48","3,192.32","3,205.37","3,205.37","3,784,360,000"
18-Dec-19,"3,195.21","3,198.48","3,191.14","3,191.14","3,191.14","4,029,950,000"
17-Dec-19,"3,195.40","3,198.22","3,191.03","3,192.52","3,192.52","3,842,940,000"
16-Dec-19,"3,183.63","3,197.71","3,183.63","3,191.45","3,191.45","4,070,200,000"
13-Dec-19,"3,166.65","3,182.68","3,156.51","3,168.80","3,168.80","3,757,650,000"
12-Dec-19,"3,141.23","3,176.28","3,138.47","3,168.57","3,168.57","4,003,200,000"
11-Dec-19,"3,135.75","3,143.98","3,133.21","3,141.63","3,141.63","3,257,650,000"
10-Dec-19,"3,135.36","3,142.12","3,126.09","3,132.52","3,132.52","3,346,310,000"
9-Dec-19,"3,141.86","3,148.87","3,135.46","3,135.96","3,135.96","3,400,470,000"
6-Dec-19,"3,134.62","3,150.60","3,134.62","3,145.91","3,145.91","3,483,310,000"
5-Dec-19,"3,119.21","3,119.45","3,103.76","3,117.43","3,117.43","3,360,480,000"
4-Dec-19,"3,103.50","3,119.38","3,102.53","3,112.76","3,112.76","3,702,980,000"
3-Dec-19,"3,087.41","3,094.97","3,070.33","3,093.20","3,093.20","3,671,580,000"
2-Dec-19,"3,143.85","3,144.31","3,110.78","3,113.87","3,113.87","3,285,750,000"
29-Nov-19,"3,147.18","3,150.30","3,139.34","3,140.98","3,140.98","1,743,420,000"
27-Nov-19,"3,145.49","3,154.26","3,143.41","3,153.63","3,153.63","3,035,470,000"
26-Nov-19,"3,134.85","3,142.69","3,131.00","3,140.52","3,140.52","4,600,450,000"
25-Nov-19,"3,117.44","3,133.83","3,117.44","3,133.64","3,133.64","3,514,310,000"
22-Nov-19,"3,111.41","3,112.87","3,099.26","3,110.29","3,110.29","3,235,270,000"
21-Nov-19,"3,108.49","3,110.11","3,094.55","3,103.54","3,103.54","3,744,010,000"
20-Nov-19,"3,114.66","3,118.97","3,091.41","3,108.46","3,108.46","4,041,010,000"
19-Nov-19,"3,127.45","3,127.64","3,113.47","3,120.18","3,120.18","3,613,670,000"
18-Nov-19,"3,117.91","3,124.17","3,112.06","3,122.03","3,122.03","3,440,140,000"
15-Nov-19,"3,107.92","3,120.46","3,104.60","3,120.46","3,120.46","3,359,800,000"
14-Nov-19,"3,090.75","3,098.20","3,083.26","3,096.63","3,096.63","3,282,090,000"
13-Nov-19,"3,084.18","3,098.06","3,078.80","3,094.04","3,094.04","3,513,720,000"
12-Nov-19,"3,089.28","3,102.61","3,084.73","3,091.84","3,091.84","3,495,560,000"
11-Nov-19,"3,080.33","3,088.33","3,075.82","3,087.01","3,087.01","3,041,120,000"
8-Nov-19,"3,081.25","3,093.09","3,073.58","3,093.08","3,093.08","3,508,160,000"
7-Nov-19,"3,087.02","3,097.77","3,080.23","3,085.18","3,085.18","4,151,990,000"
6-Nov-19,"3,075.10","3,078.34","3,065.89","3,076.78","3,076.78","4,465,510,000"
5-Nov-19,"3,080.80","3,083.95","3,072.15","3,074.62","3,074.62","4,490,590,000"
4-Nov-19,"3,078.96","3,085.20","3,074.87","3,078.27","3,078.27","4,178,040,000"
1-Nov-19,"3,050.72","3,066.95","3,050.72","3,066.91","3,066.91","3,956,290,000"
31-Oct-19,"3,046.90","3,046.90","3,023.19","3,037.56","3,037.56","4,149,310,000"
30-Oct-19,"3,039.74","3,050.10","3,025.96","3,046.77","3,046.77","3,779,660,000"
29-Oct-19,"3,035.39","3,047.87","3,034.81","3,036.89","3,036.89","3,594,430,000"
28-Oct-19,"3,032.12","3,044.08","3,032.12","3,039.42","3,039.42","3,524,970,000"
25-Oct-19,"3,003.32","3,027.39","3,001.94","3,022.55","3,022.55","3,379,060,000"
24-Oct-19,"3,014.78","3,016.07","3,000.42","3,010.29","3,010.29","3,696,510,000"
23-Oct-19,"2,994.01","3,004.78","2,991.21","3,004.52","3,004.52","3,413,600,000"
22-Oct-19,"3,010.73","3,014.57","2,995.04","2,995.99","2,995.99","3,527,540,000"
21-Oct-19,"2,996.48","3,007.33","2,995.35","3,006.72","3,006.72","3,271,960,000"
18-Oct-19,"2,996.84","3,000.00","2,976.31","2,986.20","2,986.20","3,268,970,000"
17-Oct-19,"3,000.77","3,008.29","2,991.79","2,997.95","2,997.95","3,103,470,000"
16-Oct-19,"2,989.68","2,997.54","2,985.20","2,989.69","2,989.69","3,230,320,000"
15-Oct-19,"2,973.61","3,003.28","2,973.61","2,995.68","2,995.68","3,345,090,000"
14-Oct-19,"2,965.81","2,972.84","2,962.94","2,966.15","2,966.15","2,559,270,000"
11-Oct-19,"2,963.07","2,993.28","2,963.07","2,970.27","2,970.27","3,581,320,000"
10-Oct-19,"2,918.55","2,948.46","2,917.12","2,938.13","2,938.13","3,234,400,000"
9-Oct-19,"2,911.10","2,929.32","2,907.41","2,919.40","2,919.40","2,735,350,000"
8-Oct-19,"2,920.40","2,925.47","2,892.66","2,893.06","2,893.06","3,370,700,000"
7-Oct-19,"2,944.23","2,959.75","2,935.68","2,938.79","2,938.79","2,959,050,000"
4-Oct-19,"2,918.56","2,953.74","2,918.56","2,952.01","2,952.01","3,005,600,000"
3-Oct-19,"2,885.38","2,911.13","2,855.94","2,910.63","2,910.63","3,515,130,000"
2-Oct-19,"2,924.78","2,924.78","2,874.93","2,887.61","2,887.61","3,914,180,000"
1-Oct-19,"2,983.69","2,992.53","2,938.70","2,940.25","2,940.25","3,560,750,000"
30-Sep-19,"2,967.07","2,983.85","2,967.07","2,976.74","2,976.74","3,249,130,000"
27-Sep-19,"2,985.47","2,987.31","2,945.53","2,961.79","2,961.79","3,246,480,000"
26-Sep-19,"2,985.73","2,987.28","2,963.71","2,977.62","2,977.62","3,084,910,000"
25-Sep-19,"2,968.35","2,989.82","2,952.86","2,984.87","2,984.87","3,331,200,000"
24-Sep-19,"3,002.43","3,007.98","2,957.73","2,966.60","2,966.60","3,872,800,000"
23-Sep-19,"2,983.50","2,999.15","2,982.23","2,991.78","2,991.78","3,187,250,000"
20-Sep-19,"3,008.42","3,016.37","2,984.68","2,992.07","2,992.07","6,103,440,000"
19-Sep-19,"3,010.36","3,021.99","3,003.16","3,006.79","3,006.79","3,265,660,000"
18-Sep-19,"3,001.50","3,007.83","2,978.57","3,006.73","3,006.73","3,458,800,000"
17-Sep-19,"2,995.67","3,006.21","2,993.73","3,005.70","3,005.70","3,673,250,000"
16-Sep-19,"2,996.41","3,002.19","2,990.67","2,997.96","2,997.96","4,285,860,000"
13-Sep-19,"3,012.21","3,017.33","3,002.90","3,007.39","3,007.39","3,557,010,000"
12-Sep-19,"3,009.08","3,020.74","3,000.92","3,009.57","3,009.57","3,796,990,000"
11-Sep-19,"2,981.41","3,000.93","2,975.31","3,000.93","3,000.93","3,934,370,000"
10-Sep-19,"2,971.01","2,979.39","2,957.01","2,979.39","2,979.39","4,393,040,000"
9-Sep-19,"2,988.43","2,989.43","2,969.39","2,978.43","2,978.43","4,031,120,000"
6-Sep-19,"2,980.33","2,985.03","2,972.51","2,978.71","2,978.71","3,209,340,000"
5-Sep-19,"2,960.60","2,985.86","2,960.60","2,976.00","2,976.00","3,902,600,000"
4-Sep-19,"2,924.67","2,938.84","2,921.86","2,937.78","2,937.78","3,167,900,000"
3-Sep-19,"2,909.01","2,914.39","2,891.85","2,906.27","2,906.27","3,427,830,000"
30-Aug-19,"2,937.09","2,940.43","2,913.32","2,926.46","2,926.46","3,009,910,000"
29-Aug-19,"2,910.37","2,930.50","2,905.67","2,924.58","2,924.58","3,177,150,000"
28-Aug-19,"2,861.28","2,890.03","2,853.05","2,887.94","2,887.94","3,102,480,000"
27-Aug-19,"2,893.14","2,898.79","2,860.59","2,869.16","2,869.16","3,537,490,000"
26-Aug-19,"2,866.70","2,879.27","2,856.00","2,878.38","2,878.38","2,859,790,000"
23-Aug-19,"2,911.07","2,927.01","2,834.97","2,847.11","2,847.11","3,942,520,000"
22-Aug-19,"2,930.94","2,939.08","2,904.51","2,922.95","2,922.95","2,893,660,000"
21-Aug-19,"2,922.04","2,928.73","2,917.91","2,924.43","2,924.43","3,016,540,000"
20-Aug-19,"2,919.01","2,923.63","2,899.60","2,900.51","2,900.51","3,067,710,000"
19-Aug-19,"2,913.48","2,931.00","2,913.48","2,923.65","2,923.65","3,221,050,000"
16-Aug-19,"2,864.74","2,893.63","2,864.74","2,888.68","2,888.68","3,524,080,000"
15-Aug-19,"2,846.20","2,856.67","2,825.51","2,847.60","2,847.60","4,041,720,000"
14-Aug-19,"2,894.15","2,894.15","2,839.64","2,840.60","2,840.60","4,325,150,000"
13-Aug-19,"2,880.72","2,943.31","2,877.05","2,926.32","2,926.32","3,857,190,000"
12-Aug-19,"2,907.07","2,907.58","2,873.14","2,882.70","2,882.70","3,328,570,000"
9-Aug-19,"2,930.51","2,935.75","2,900.15","2,918.65","2,918.65","3,356,850,000"
8-Aug-19,"2,896.21","2,938.72","2,894.47","2,938.09","2,938.09","4,118,530,000"
7-Aug-19,"2,858.65","2,892.17","2,825.71","2,883.98","2,883.98","4,512,720,000"
6-Aug-19,"2,861.18","2,884.40","2,847.42","2,881.77","2,881.77","4,156,640,000"
5-Aug-19,"2,898.07","2,898.07","2,822.12","2,844.74","2,844.74","4,542,850,000"
2-Aug-19,"2,943.90","2,945.50","2,914.11","2,932.05","2,932.05","3,882,810,000"
1-Aug-19,"2,980.32","3,013.59","2,945.23","2,953.56","2,953.56","4,793,810,000"
31-Jul-19,"3,016.22","3,017.40","2,958.08","2,980.38","2,980.38","4,626,330,000"
30-Jul-19,"3,007.66","3,017.19","3,000.94","3,013.18","3,013.18","3,632,770,000"
29-Jul-19,"3,024.47","3,025.61","3,014.30","3,020.97","3,020.97","3,224,490,000"
26-Jul-19,"3,013.25","3,027.98","3,012.59","3,025.86","3,025.86","3,260,170,000"
25-Jul-19,"3,016.26","3,016.31","2,997.24","3,003.67","3,003.67","3,657,050,000"
24-Jul-19,"2,998.77","3,019.59","2,996.82","3,019.56","3,019.56","3,433,220,000"
23-Jul-19,"2,994.74","3,005.90","2,988.56","3,005.47","3,005.47","3,333,810,000"
22-Jul-19,"2,981.93","2,990.71","2,976.65","2,985.03","2,985.03","3,016,200,000"
19-Jul-19,"3,004.26","3,006.02","2,975.86","2,976.61","2,976.61","3,285,890,000"
18-Jul-19,"2,978.87","2,998.28","2,973.09","2,995.11","2,995.11","3,369,820,000"
17-Jul-19,"3,005.10","3,005.26","2,984.25","2,984.42","2,984.42","3,185,650,000"
16-Jul-19,"3,012.13","3,015.02","3,001.15","3,004.04","3,004.04","3,297,030,000"
15-Jul-19,"3,017.80","3,017.80","3,008.77","3,014.30","3,014.30","2,876,100,000"
12-Jul-19,"3,003.36","3,013.92","3,001.87","3,013.77","3,013.77","2,984,140,000"
11-Jul-19,"2,999.62","3,002.33","2,988.80","2,999.91","2,999.91","3,155,710,000"
10-Jul-19,"2,989.30","3,002.98","2,984.62","2,993.07","2,993.07","3,157,800,000"
9-Jul-19,"2,965.52","2,981.90","2,963.44","2,979.63","2,979.63","3,033,330,000"
8-Jul-19,"2,979.77","2,980.76","2,970.09","2,975.95","2,975.95","2,922,360,000"
5-Jul-19,"2,984.25","2,994.03","2,967.97","2,990.41","2,990.41","2,434,680,000"
3-Jul-19,"2,978.08","2,995.84","2,977.96","2,995.82","2,995.82","1,963,570,000"
2-Jul-19,"2,964.66","2,973.21","2,955.92","2,973.01","2,973.01","3,224,490,000"
1-Jul-19,"2,971.41","2,977.93","2,952.22","2,964.33","2,964.33","3,524,860,000"
28-Jun-19,"2,932.94","2,943.98","2,929.05","2,941.76","2,941.76","5,422,650,000"
27-Jun-19,"2,919.66","2,929.30","2,918.57","2,924.92","2,924.92","3,162,500,000"
26-Jun-19,"2,926.07","2,932.59","2,912.99","2,913.78","2,913.78","3,511,350,000"
25-Jun-19,"2,945.78","2,946.52","2,916.01","2,917.38","2,917.38","3,579,430,000"
24-Jun-19,"2,951.42","2,954.92","2,944.05","2,945.35","2,945.35","3,136,960,000"
21-Jun-19,"2,952.71","2,964.15","2,946.87","2,950.46","2,950.46","5,003,540,000"
20-Jun-19,"2,949.60","2,958.06","2,931.50","2,954.18","2,954.18","3,943,060,000"
19-Jun-19,"2,920.55","2,931.74","2,911.43","2,926.46","2,926.46","3,300,220,000"
18-Jun-19,"2,906.71","2,930.79","2,905.44","2,917.75","2,917.75","3,441,540,000"
17-Jun-19,"2,889.75","2,897.27","2,887.30","2,889.67","2,889.67","2,828,400,000"
14-Jun-19,"2,886.82","2,894.45","2,879.62","2,886.98","2,886.98","2,992,810,000"
13-Jun-19,"2,886.24","2,895.24","2,881.99","2,891.64","2,891.64","3,100,640,000"
12-Jun-19,"2,882.73","2,888.57","2,874.68","2,879.84","2,879.84","3,039,870,000"
11-Jun-19,"2,903.27","2,910.61","2,878.53","2,885.72","2,885.72","3,551,000,000"
10-Jun-19,"2,885.83","2,904.77","2,885.51","2,886.73","2,886.73","3,209,890,000"
7-Jun-19,"2,852.87","2,884.97","2,852.87","2,873.34","2,873.34","3,244,380,000"
6-Jun-19,"2,828.51","2,852.10","2,822.45","2,843.49","2,843.49","3,445,140,000"
5-Jun-19,"2,818.09","2,827.28","2,800.92","2,826.15","2,826.15","3,570,760,000"
4-Jun-19,"2,762.64","2,804.49","2,762.64","2,803.27","2,803.27","3,814,130,000"
3-Jun-19,"2,751.53","2,763.07","2,728.81","2,744.45","2,744.45","3,952,360,000"
31-May-19,"2,766.15","2,768.98","2,750.52","2,752.06","2,752.06","3,982,670,000"
30-May-19,"2,786.94","2,799.00","2,776.74","2,788.86","2,788.86","3,276,030,000"
29-May-19,"2,790.25","2,792.03","2,766.06","2,783.02","2,783.02","3,701,110,000"
28-May-19,"2,830.03","2,840.51","2,801.58","2,802.39","2,802.39","4,146,980,000"
24-May-19,"2,832.41","2,841.36","2,820.19","2,826.06","2,826.06","2,889,230,000"
23-May-19,"2,836.70","2,836.70","2,805.49","2,822.24","2,822.24","3,899,320,000"
22-May-19,"2,856.06","2,865.47","2,851.11","2,856.27","2,856.27","3,194,000,000"
21-May-19,"2,854.02","2,868.88","2,854.02","2,864.36","2,864.36","3,223,050,000"
20-May-19,"2,841.94","2,853.86","2,831.29","2,840.23","2,840.23","3,293,750,000"
17-May-19,"2,858.60","2,885.48","2,854.23","2,859.53","2,859.53","3,316,040,000"
16-May-19,"2,855.80","2,892.15","2,855.80","2,876.32","2,876.32","3,338,470,000"
15-May-19,"2,820.38","2,858.68","2,815.08","2,850.96","2,850.96","3,140,900,000"
14-May-19,"2,820.12","2,852.54","2,820.12","2,834.41","2,834.41","3,354,860,000"
13-May-19,"2,840.19","2,840.19","2,801.43","2,811.87","2,811.87","3,900,270,000"
10-May-19,"2,863.10","2,891.31","2,825.39","2,881.40","2,881.40","3,566,780,000"
9-May-19,"2,859.84","2,875.97","2,836.40","2,870.72","2,870.72","3,659,050,000"
8-May-19,"2,879.61","2,897.96","2,873.28","2,879.42","2,879.42","3,543,110,000"
7-May-19,"2,913.03","2,913.03","2,862.60","2,884.05","2,884.05","3,793,060,000"
6-May-19,"2,908.89","2,937.32","2,898.21","2,932.47","2,932.47","3,203,260,000"
3-May-19,"2,929.21","2,947.85","2,929.21","2,945.64","2,945.64","3,357,180,000"
2-May-19,"2,922.16","2,931.68","2,900.50","2,917.52","2,917.52","3,802,290,000"
1-May-19,"2,952.33","2,954.13","2,923.36","2,923.73","2,923.73","3,669,330,000"
30-Apr-19,"2,937.14","2,948.22","2,924.11","2,945.83","2,945.83","3,939,760,000"
29-Apr-19,"2,940.58","2,949.52","2,939.35","2,943.03","2,943.03","3,150,390,000"
26-Apr-19,"2,925.81","2,939.88","2,917.56","2,939.88","2,939.88","3,264,390,000"
25-Apr-19,"2,928.99","2,933.10","2,912.84","2,926.17","2,926.17","3,440,010,000"
24-Apr-19,"2,934.00","2,936.83","2,926.05","2,927.25","2,927.25","3,468,480,000"
23-Apr-19,"2,909.99","2,936.31","2,908.53","2,933.68","2,933.68","3,674,480,000"
22-Apr-19,"2,898.78","2,909.51","2,896.35","2,907.97","2,907.97","3,010,130,000"
18-Apr-19,"2,904.81","2,908.40","2,891.90","2,905.03","2,905.03","3,507,100,000"
17-Apr-19,"2,916.04","2,918.00","2,895.45","2,900.45","2,900.45","3,648,100,000"
16-Apr-19,"2,912.26","2,916.06","2,900.71","2,907.06","2,907.06","3,403,120,000"
15-Apr-19,"2,908.32","2,909.60","2,896.48","2,905.58","2,905.58","3,114,530,000"
12-Apr-19,"2,900.86","2,910.54","2,898.37","2,907.41","2,907.41","3,726,050,000"
11-Apr-19,"2,891.92","2,893.42","2,881.99","2,888.32","2,888.32","2,970,650,000"
10-Apr-19,"2,881.37","2,889.71","2,879.13","2,888.21","2,888.21","3,092,230,000"
9-Apr-19,"2,886.58","2,886.88","2,873.33","2,878.20","2,878.20","3,032,480,000"
8-Apr-19,"2,888.46","2,895.95","2,880.78","2,895.77","2,895.77","3,056,460,000"
5-Apr-19,"2,884.16","2,893.24","2,882.99","2,892.74","2,892.74","3,155,970,000"
4-Apr-19,"2,873.99","2,881.28","2,867.14","2,879.39","2,879.39","3,038,740,000"
3-Apr-19,"2,876.09","2,885.25","2,865.17","2,873.40","2,873.40","3,570,000,000"
2-Apr-19,"2,868.24","2,872.90","2,858.75","2,867.24","2,867.24","3,267,210,000"
1-Apr-19,"2,848.63","2,869.40","2,848.63","2,867.19","2,867.19","3,560,090,000"
29-Mar-19,"2,828.27","2,836.03","2,819.23","2,834.40","2,834.40","3,752,520,000"
28-Mar-19,"2,809.40","2,819.71","2,798.77","2,815.44","2,815.44","3,185,460,000"
27-Mar-19,"2,819.72","2,825.56","2,787.72","2,805.37","2,805.37","3,422,400,000"
26-Mar-19,"2,812.66","2,829.87","2,803.99","2,818.46","2,818.46","3,288,570,000"
25-Mar-19,"2,796.01","2,809.79","2,785.02","2,798.36","2,798.36","3,406,110,000"
22-Mar-19,"2,844.52","2,846.16","2,800.47","2,800.71","2,800.71","4,253,730,000"
21-Mar-19,"2,819.72","2,860.31","2,817.38","2,854.88","2,854.88","3,612,620,000"
20-Mar-19,"2,831.34","2,843.54","2,812.43","2,824.23","2,824.23","3,779,160,000"
19-Mar-19,"2,840.76","2,852.42","2,823.27","2,832.57","2,832.57","3,650,740,000"
18-Mar-19,"2,822.61","2,835.41","2,821.99","2,832.94","2,832.94","3,620,770,000"
15-Mar-19,"2,810.79","2,830.73","2,810.79","2,822.48","2,822.48","5,969,780,000"
14-Mar-19,"2,810.38","2,815.00","2,803.46","2,808.48","2,808.48","3,505,670,000"
13-Mar-19,"2,799.78","2,821.24","2,799.78","2,810.92","2,810.92","3,782,250,000"
12-Mar-19,"2,787.34","2,798.32","2,786.73","2,791.52","2,791.52","3,432,340,000"
11-Mar-19,"2,747.61","2,784.00","2,747.61","2,783.30","2,783.30","3,764,850,000"
8-Mar-19,"2,730.79","2,744.13","2,722.27","2,743.07","2,743.07","3,424,300,000"
7-Mar-19,"2,766.53","2,767.25","2,739.09","2,748.93","2,748.93","3,932,150,000"
6-Mar-19,"2,790.27","2,790.27","2,768.69","2,771.45","2,771.45","3,800,180,000"
5-Mar-19,"2,794.41","2,796.44","2,782.97","2,789.65","2,789.65","3,631,380,000"
4-Mar-19,"2,814.37","2,816.88","2,767.66","2,792.81","2,792.81","3,949,730,000"
1-Mar-19,"2,798.22","2,808.02","2,787.38","2,803.69","2,803.69","3,994,950,000"
28-Feb-19,"2,788.11","2,793.73","2,782.51","2,784.49","2,784.49","4,445,780,000"
27-Feb-19,"2,787.50","2,795.76","2,775.13","2,792.38","2,792.38","3,771,790,000"
26-Feb-19,"2,792.36","2,803.12","2,789.47","2,793.90","2,793.90","3,676,200,000"
25-Feb-19,"2,804.35","2,813.49","2,794.99","2,796.11","2,796.11","3,860,260,000"
22-Feb-19,"2,780.67","2,794.20","2,779.11","2,792.67","2,792.67","3,429,350,000"
21-Feb-19,"2,780.24","2,781.58","2,764.55","2,774.88","2,774.88","3,598,260,000"
20-Feb-19,"2,779.05","2,789.88","2,774.06","2,784.70","2,784.70","3,904,830,000"
19-Feb-19,"2,769.28","2,787.33","2,767.29","2,779.76","2,779.76","3,535,270,000"
15-Feb-19,"2,760.24","2,775.66","2,760.24","2,775.60","2,775.60","3,648,680,000"
14-Feb-19,"2,743.50","2,757.90","2,731.23","2,745.73","2,745.73","3,845,390,000"
13-Feb-19,"2,750.30","2,761.85","2,748.63","2,753.03","2,753.03","3,684,910,000"
12-Feb-19,"2,722.61","2,748.19","2,722.61","2,744.73","2,744.73","3,843,020,000"
11-Feb-19,"2,712.40","2,718.05","2,703.79","2,709.80","2,709.80","3,395,330,000"
8-Feb-19,"2,692.36","2,708.07","2,681.83","2,707.88","2,707.88","3,649,510,000"
7-Feb-19,"2,717.53","2,719.32","2,687.26","2,706.05","2,706.05","4,114,040,000"
6-Feb-19,"2,735.05","2,738.08","2,724.15","2,731.61","2,731.61","3,486,590,000"
5-Feb-19,"2,728.34","2,738.98","2,724.03","2,737.70","2,737.70","3,597,620,000"
4-Feb-19,"2,706.49","2,724.99","2,698.75","2,724.87","2,724.87","3,369,450,000"
1-Feb-19,"2,702.32","2,716.66","2,696.88","2,706.53","2,706.53","3,782,490,000"
31-Jan-19,"2,685.49","2,708.95","2,678.65","2,704.10","2,704.10","4,953,800,000"
30-Jan-19,"2,653.62","2,690.44","2,648.34","2,681.05","2,681.05","3,883,270,000"
29-Jan-19,"2,644.89","2,650.93","2,631.05","2,640.00","2,640.00","3,518,070,000"
28-Jan-19,"2,644.97","2,644.97","2,624.06","2,643.85","2,643.85","3,630,820,000"
25-Jan-19,"2,657.44","2,672.38","2,657.33","2,664.76","2,664.76","3,821,000,000"
24-Jan-19,"2,638.84","2,647.20","2,627.01","2,642.33","2,642.33","3,449,230,000"
23-Jan-19,"2,643.48","2,653.19","2,612.86","2,638.70","2,638.70","3,358,770,000"
22-Jan-19,"2,657.88","2,657.88","2,617.27","2,632.90","2,632.90","3,923,950,000"
18-Jan-19,"2,651.27","2,675.47","2,647.58","2,670.71","2,670.71","4,009,010,000"
17-Jan-19,"2,609.28","2,645.06","2,606.36","2,635.96","2,635.96","3,802,410,000"
16-Jan-19,"2,614.75","2,625.76","2,612.68","2,616.10","2,616.10","3,882,180,000"
15-Jan-19,"2,585.10","2,613.08","2,585.10","2,610.30","2,610.30","3,601,180,000"
14-Jan-19,"2,580.31","2,589.32","2,570.41","2,582.61","2,582.61","3,689,370,000"
11-Jan-19,"2,588.11","2,596.27","2,577.40","2,596.26","2,596.26","3,447,460,000"
10-Jan-19,"2,573.51","2,597.82","2,562.02","2,596.64","2,596.64","3,721,300,000"
9-Jan-19,"2,580.00","2,595.32","2,568.89","2,584.96","2,584.96","4,088,740,000"
8-Jan-19,"2,568.11","2,579.82","2,547.56","2,574.41","2,574.41","4,120,060,000"
7-Jan-19,"2,535.61","2,566.16","2,524.56","2,549.69","2,549.69","4,133,120,000"
4-Jan-19,"2,474.33","2,538.07","2,474.33","2,531.94","2,531.94","4,234,140,000"
3-Jan-19,"2,491.92","2,493.14","2,443.96","2,447.89","2,447.89","3,858,830,000"
2-Jan-19,"2,476.96","2,519.49","2,467.47","2,510.03","2,510.03","3,733,160,000"
